categoria_ejemplo,es_tarjeta_slide_6,micro_cluster_id,label_auto,arquetipo_demanda,logical_seat_category,site,type_site,product,precio,score_confianza,es_frontera,percentil_precio_absoluto_dentro_tipo,narrativa_rol
tarjeta_microcluster,True,AU-0,Admisión Única,Admisión Única / Tarifa Plana,MEET & GREET,MOVISTAR ARENA,ARENA,MEET & GREET - THE MILLS 20 AÑOS,148000.0,1.0,False,0.1351,Top representativo sin frontera para AU-0 (Tarjeta 1 de 6 en Slide)
tarjeta_microcluster,True,VIP-0,hibrido_k0,VIP / Palcos / Premium,PALCOS,BORA BORA MEDELLIN,desconocido,TOMATE LA FERIA- DJ POPE & TOPBOY TGR-BORA BORA,134050.0,0.5554,False,0.5,Top representativo sin frontera para VIP-0 (Tarjeta 1 de 6 en Slide)
tarjeta_microcluster,False,VIP-1,hibrido_k1,VIP / Palcos / Premium,PALCO,TEATRO JORGE ELIECER GAITAN,TEATRO,LAURA PÉREZ  2DA FECHA,129000.0,0.4679,False,0.7917,Top representativo sin frontera para VIP-1 (Micro-cluster hoja)
tarjeta_microcluster,False,VIP-2,hibrido_k2,VIP / Palcos / Premium,PALCO,TEATRO JORGE ELIECER GAITAN,TEATRO,GORDCONSEJOS 18 DE JULIO,80000.0,0.4766,False,0.7917,Top representativo sin frontera para VIP-2 (Micro-cluster hoja)
tarjeta_microcluster,False,POP-0,hibrido_k0,Popular / Balcón / Visibilidad Parcial,PISO 4 407 - 413,DAVIARENA,ARENA,CARLOS VIVES MEDELLÍN,157000.0,0.4738,False,0.2027,Top representativo sin frontera para POP-0 (Micro-cluster hoja)
tarjeta_microcluster,True,POP-1,hibrido_k1,Popular / Balcón / Visibilidad Parcial,VISTA PARCIAL TERCER PISO,TEATRO MAYOR JULIO MARIO SANTO DOMINGO,TEATRO,LOS 12 VIOLONCHELISTAS DE LA FILARMÓNICA DE BERLÍN,26800.0,0.5277,False,0.2049,Top representativo sin frontera para POP-1 (Tarjeta 1 de 6 en Slide)
tarjeta_microcluster,False,POP-2,hibrido_k2,Popular / Balcón / Visibilidad Parcial,TERCER PISO 304-303/316-317,MOVISTAR ARENA,ARENA,RICARDO ARJONA BOGOTÁ 2026 -  5 FECHA,240000.0,0.4786,False,0.4527,Top representativo sin frontera para POP-2 (Micro-cluster hoja)
tarjeta_microcluster,False,POP-3,hibrido_k3,Popular / Balcón / Visibilidad Parcial,EXPERIENCIA GOLDEN TICKET FANS DE LOS FANS,DAVIARENA,ARENA,GOLDEN TICKET JUANES DAVIARENA,200000.0,0.1834,False,0.2973,Top representativo sin frontera para POP-3 (Micro-cluster hoja)
tarjeta_microcluster,False,PGI-0,hibrido_k0,Platea General / Intermedia,LUNETA,TEATRO FUNDADORES,TEATRO,EL BALLET DE MOSCÚ SOBRE HIELO ( ECOLÓGICO ) MANIZALES,100000.0,0.6128,False,0.191,Top representativo sin frontera para PGI-0 (Micro-cluster hoja)
tarjeta_microcluster,True,PGI-1,hibrido_k1,Platea General / Intermedia,LUNETA,TEATRO FUNDADORES,TEATRO,EL GRAN CIRCO DE CHINA MANIZALES,120000.0,0.6157,False,0.191,Top representativo sin frontera para PGI-1 (Tarjeta 1 de 6 en Slide)
tarjeta_microcluster,False,PGI-2,hibrido_k2,Platea General / Intermedia,PREMIER,TEATRO FUNDADORES,TEATRO,EL CONTROL EN VIVO: UN VIAJE INTERGALÁCTICO (MANIZALES),90000.0,0.5952,False,0.4028,Top representativo sin frontera para PGI-2 (Micro-cluster hoja)
tarjeta_microcluster,False,PGI-3,hibrido_k3,Platea General / Intermedia,PARAISO,TEATRO SANTANDER,TEATRO,MEMORIAS Y CREADORAS,35700.0,0.5643,False,0.1806,Top representativo sin frontera para PGI-3 (Micro-cluster hoja)
tarjeta_microcluster,False,PPF-0,Platea,Preferencial / Platea Frontal,PLATEA POSTERIOR,TEATRO JORGE ELIECER GAITAN,TEATRO,HANS ZIMMER VS JOHN WILLIAMS,152000.0,0.4509,False,0.7708,Top representativo sin frontera para PPF-0 (Micro-cluster hoja)
tarjeta_microcluster,False,PPF-1,Platea,Preferencial / Platea Frontal,PLATEA,TEATRO JORGE ARANGO TAMAYO - CHIA,TEATRO,FUCKS NEWS NOTICREO,125000.0,0.4903,False,0.6076,Top representativo sin frontera para PPF-1 (Micro-cluster hoja)
tarjeta_microcluster,True,PPF-2,Platea,Preferencial / Platea Frontal,PLATEA LATERAL,TEATRO JORGE ELIECER GAITAN,TEATRO,HANS ZIMMER VS JOHN WILLIAMS,176000.0,0.6972,False,0.8125,Top representativo sin frontera para PPF-2 (Tarjeta 1 de 6 en Slide)
tarjeta_microcluster,True,GGM-0,General Tiquete,Grada General / Masiva,GENERAL,PARQUE  DE LAS  LUCES,desconocido,UNDERGOLD PRESENTA A MIND AGAINST,157000.0,0.672,False,0.5,Top representativo sin frontera para GGM-0 (Tarjeta 1 de 6 en Slide)
tarjeta_microcluster,False,GGM-1,hibrido_k1,Grada General / Masiva,PLATEA PRIMER PISO,SALON JUMBO COUNTRY CLUB,RESTAURANTE,LOS PARCERITOS BARRANQUILLA,155000.0,0.5121,False,0.5,Top representativo sin frontera para GGM-1 (Micro-cluster hoja)
tarjeta_microcluster,False,GGM-2,hibrido_k2,Grada General / Masiva,EARLY GENERAL A ANYTIME GENERAL,SKYCENTER CENTRO DE EVENTOS - MEDELLIN,OTROS_RECINTOS,UP GRADE CLAPTONE,70000.0,0.5988,False,0.5,Top representativo sin frontera para GGM-2 (Micro-cluster hoja)
caso_puente_1_cara_para_su_tipo,False,PPF-2,Platea,Preferencial / Platea Frontal,PLATINO,ROYAL CENTER,TEATRO,DANIEL CHAPAN - POR PRIMERA VEZ EN COLOMBIA - BOGOTÁ,360000.0,0.0807,True,1.0,Demuestra cómo percentil_precio_absoluto_dentro_tipo (1.0 = techo de precios en Teatros) eleva la localidad a Preferencial/Platea Frontal sin sesgo de estadio masivo.
caso_puente_2_frontera_honesta,False,PGI-0,hibrido_k0,Platea General / Intermedia,PLATEA,TEATRO EL ENSUEO,TEATRO,CENIZA,15000.0,0.0016,True,0.0347,"Mínima confianza geométrica en frontera difusa entre Platea y Preferencial. El sistema activa es_frontera=True y segmento_incierto=True, propagando honestidad estadística."
caso_puente_3_parqueadero_excluido,False,EXCLUIDO_REGLA_8,Sin Asignar (Contrato de Negocio),Excluido del Catálogo de Demanda,PARQUEADERO / PARKING (Servicio Auxiliar),"Múltiples Recintos (ej. Movistar Arena, Estadios)",PARQUEADERO / COMPLEMENTARIO,PARQUEADERO EVENTO (Patrón PARQUEA),0.0,0.0,False,0.0,"Contrato de consistencia de negocio: 13,020 filas con 'PARQUEA' en crudo y 205 localidades activas interceptadas por Regla 8. Cero clusters asignados a estacionamientos."
