grupo,caso,micro_cluster_id,label_auto,arquetipo_demanda,logical_seat_category,site,type_site,precio,score_confianza,es_frontera,percentil_precio_absoluto_dentro_tipo,product,localidad,recinto
premium,representante,VIP-0,hibrido_k0,VIP / Palcos / Premium,PALCOS,BORA BORA MEDELLIN,desconocido,134050.0,0.5554,False,0.5,TOMATE LA FERIA- DJ POPE & TOPBOY TGR-BORA BORA,PALCOS,BORA BORA MEDELLIN
premium,representante,VIP-1,hibrido_k1,VIP / Palcos / Premium,PALCO,TEATRO JORGE ELIECER GAITAN,TEATRO,129000.0,0.4679,False,0.7917,LAURA PÉREZ  2DA FECHA,PALCO,TEATRO JORGE ELIECER GAITAN
premium,representante,VIP-2,hibrido_k2,VIP / Palcos / Premium,PALCO,TEATRO JORGE ELIECER GAITAN,TEATRO,80000.0,0.4766,False,0.7917,GORDCONSEJOS 18 DE JULIO,PALCO,TEATRO JORGE ELIECER GAITAN
premium,representante,PPF-0,Platea,Preferencial / Platea Frontal,PLATEA POSTERIOR,TEATRO JORGE ELIECER GAITAN,TEATRO,152000.0,0.4509,False,0.7708,HANS ZIMMER VS JOHN WILLIAMS,PLATEA POSTERIOR,TEATRO JORGE ELIECER GAITAN
premium,representante,PPF-1,Platea,Preferencial / Platea Frontal,PLATEA,TEATRO JORGE ARANGO TAMAYO - CHIA,TEATRO,125000.0,0.4903,False,0.6076,FUCKS NEWS NOTICREO,PLATEA,TEATRO JORGE ARANGO TAMAYO - CHIA
premium,representante,PPF-2,Platea,Preferencial / Platea Frontal,PLATEA LATERAL,TEATRO JORGE ELIECER GAITAN,TEATRO,176000.0,0.6972,False,0.8125,HANS ZIMMER VS JOHN WILLIAMS,PLATEA LATERAL,TEATRO JORGE ELIECER GAITAN
premium,representante,PPF-2,Platea,Preferencial / Platea Frontal,PLATEA 3,TEATRO MAYOR JULIO MARIO SANTO DOMINGO,TEATRO,200000.0,0.6689,False,0.8056,INSTRUCCIONES PARA SER FELIZ TOUR,PLATEA 3,TEATRO MAYOR JULIO MARIO SANTO DOMINGO
premium,representante,VIP-0,hibrido_k0,VIP / Palcos / Premium,PALCO DE  SERGUNDA,TEATRO MUNICIPAL ENRIQUE BUENAVENTURA,TEATRO,174000.0,0.4021,False,0.7986,ÓPERA QUEEN FILARMÓNICO CALI 2026,PALCO DE  SERGUNDA,TEATRO MUNICIPAL ENRIQUE BUENAVENTURA
masivos,representante,PGI-0,hibrido_k0,Platea General / Intermedia,LUNETA,TEATRO FUNDADORES,TEATRO,100000.0,0.6128,False,0.191,EL BALLET DE MOSCÚ SOBRE HIELO ( ECOLÓGICO ) MANIZALES,LUNETA,TEATRO FUNDADORES
masivos,representante,PGI-1,hibrido_k1,Platea General / Intermedia,LUNETA,TEATRO FUNDADORES,TEATRO,120000.0,0.6157,False,0.191,EL GRAN CIRCO DE CHINA MANIZALES,LUNETA,TEATRO FUNDADORES
masivos,representante,PGI-2,hibrido_k2,Platea General / Intermedia,PREMIER,TEATRO FUNDADORES,TEATRO,90000.0,0.5952,False,0.4028,EL CONTROL EN VIVO: UN VIAJE INTERGALÁCTICO (MANIZALES),PREMIER,TEATRO FUNDADORES
masivos,representante,PGI-3,hibrido_k3,Platea General / Intermedia,PARAISO,TEATRO SANTANDER,TEATRO,35700.0,0.5643,False,0.1806,MEMORIAS Y CREADORAS,PARAISO,TEATRO SANTANDER
masivos,representante,POP-0,hibrido_k0,Popular / Balcón / Visibilidad Parcial,PISO 4 407 - 413,DAVIARENA,ARENA,157000.0,0.4738,False,0.2027,CARLOS VIVES MEDELLÍN,PISO 4 407 - 413,DAVIARENA
masivos,representante,POP-1,hibrido_k1,Popular / Balcón / Visibilidad Parcial,VISTA PARCIAL TERCER PISO,TEATRO MAYOR JULIO MARIO SANTO DOMINGO,TEATRO,26800.0,0.5277,False,0.2049,LOS 12 VIOLONCHELISTAS DE LA FILARMÓNICA DE BERLÍN,VISTA PARCIAL TERCER PISO,TEATRO MAYOR JULIO MARIO SANTO DOMINGO
masivos,representante,POP-2,hibrido_k2,Popular / Balcón / Visibilidad Parcial,TERCER PISO 304-303/316-317,MOVISTAR ARENA,ARENA,240000.0,0.4786,False,0.4527,RICARDO ARJONA BOGOTÁ 2026 -  5 FECHA,TERCER PISO 304-303/316-317,MOVISTAR ARENA
masivos,representante,POP-3,hibrido_k3,Popular / Balcón / Visibilidad Parcial,EXPERIENCIA GOLDEN TICKET FANS DE LOS FANS,DAVIARENA,ARENA,200000.0,0.1834,False,0.2973,GOLDEN TICKET JUANES DAVIARENA,EXPERIENCIA GOLDEN TICKET FANS DE LOS FANS,DAVIARENA
masivos,representante,GGM-0,General Tiquete,Grada General / Masiva,GENERAL,PARQUE  DE LAS  LUCES,desconocido,157000.0,0.672,False,0.5,UNDERGOLD PRESENTA A MIND AGAINST,GENERAL,PARQUE  DE LAS  LUCES
masivos,representante,GGM-1,hibrido_k1,Grada General / Masiva,PLATEA PRIMER PISO,SALON JUMBO COUNTRY CLUB,RESTAURANTE,155000.0,0.5121,False,0.5,LOS PARCERITOS BARRANQUILLA,PLATEA PRIMER PISO,SALON JUMBO COUNTRY CLUB
masivos,representante,GGM-2,hibrido_k2,Grada General / Masiva,EARLY GENERAL A ANYTIME GENERAL,SKYCENTER CENTRO DE EVENTOS - MEDELLIN,OTROS_RECINTOS,70000.0,0.5988,False,0.5,UP GRADE CLAPTONE,EARLY GENERAL A ANYTIME GENERAL,SKYCENTER CENTRO DE EVENTOS - MEDELLIN
masivos,representante,POP-2,hibrido_k2,Popular / Balcón / Visibilidad Parcial,TERCER PISO 305 -306/314-315,MOVISTAR ARENA,ARENA,270000.0,0.4322,False,0.527,RICARDO ARJONA BOGOTÁ 2026 -  5 FECHA,TERCER PISO 305 -306/314-315,MOVISTAR ARENA
especiales,representante,AU-0,Admisión Única,Admisión Única / Tarifa Plana,MEET & GREET,MOVISTAR ARENA,ARENA,148000.0,1.0,False,0.1351,MEET & GREET - THE MILLS 20 AÑOS,MEET & GREET,MOVISTAR ARENA
especiales,representante,AU-0,Admisión Única,Admisión Única / Tarifa Plana,GALERÍA INESPERADA,MOVISTAR ARENA,ARENA,320700.0,1.0,False,0.7162,"GALERÍA INESPERADA - MORAT, YEM WORLD TOUR",GALERÍA INESPERADA,MOVISTAR ARENA
especiales,frontera,PGI-0,hibrido_k0,Platea General / Intermedia,PLATEA,TEATRO EL ENSUEO,TEATRO,15000.0,0.0016,True,0.0347,CENIZA,PLATEA,TEATRO EL ENSUEO
especiales,frontera,PGI-2,hibrido_k2,Platea General / Intermedia,PLATEA POSTERIOR,CENTRO DE EVENTOS ANDINO,desconocido,90000.0,0.003,True,0.5,EL GRAN CIRCO DE CHINA - PASTO,PLATEA POSTERIOR,CENTRO DE EVENTOS ANDINO
especiales,hibrido,PGI-1,hibrido_k1,Platea General / Intermedia,LUNETA,TEATRO FUNDADORES,TEATRO,120000.0,0.6157,False,0.191,EL GRAN CIRCO DE CHINA MANIZALES,LUNETA,TEATRO FUNDADORES
