recinto,registros,funciones,aforo_max
TEATRO MAYOR JULIO MARIO SANTO DOMINGO,3238,288,1303
SALA 3 CINEMATECA,2392,2392,75
SALA CAPITAL CINEMATECA,2379,2379,271
SALA 2 CINEMATECA,2235,2235,75
MOVISTAR ARENA,2101,242,13413
"YAWA, CENTRO DE CIENCIA, ARTE Y TECNOLOGIA - CALI",1476,1476,120
TREN TURISTICO,1158,366,858
TEATRO EL TESORO,878,643,938
MALOKA,864,864,309
ESTADIO PALOGRANDE - MANIZALES,812,78,35600
BOOM STAND UP BAR - BOGOTA,810,810,330
CENTRO NACIONAL DE LAS ARTES - SALA TEATRO COLON CLL10 #5-32,778,102,771
ESTADIO EL CAMPIN,716,48,46678
TEATRO JORGE ELIECER GAITAN,603,134,1725
TEATRO SANTANDER,545,164,1000
TEATRO COLSUBSIDIO,494,46,1017
TEATRO PETRA,471,471,160
ESTADIO PASCUAL GUERRERO,458,48,44037
TEATRO ASTOR PLAZA,458,134,1222
PLANETARIO DE BOGOTA,424,422,10000
TEATRO METROPOLITANO DE MEDELLIN,399,115,1634
AUDITORIO FABIO LOZANO,394,132,590
CARPA DELIRIO,385,18,1797
TEATRO ESTUDIO - JULIO MARIO SANTO DOMINGO,381,227,328
TEATRO MUNICIPAL ENRIQUE BUENAVENTURA,322,51,1033
CENTRO NACIONAL DE LAS ARTES - SALA DELIA ZAPATA,311,131,503
MUSEO LA TERTULIA,303,303,2000
BOOM STAND UP BAR - CL 26 #43G-30 BARRIO COLOMBIA,252,252,300
TRANSPORTE,221,221,10000
ESTADIO ATANASIO GIRARDOT,218,13,55011
TEATRO ADOLFO MEJIA,200,18,634
CENTRO NACIONAL DE LAS ARTES - SALA FANNY MIKEY,199,199,400
COMPLEJO CULTURAL DELIRIO,193,193,1000
ESTADIO MANUEL MURILLO TORO,190,35,26402
ESTADIO METROPOLITANO DE TECHO,178,40,8078
TEATRO FUNDADORES,167,63,1233
TEATRO CAFAM - AV CAR 68 NO 90 - 88,155,19,967
GRAN MALECON BARRANQUILLA,151,151,9000
PARQUE NORTE,142,39,50000
ESTADIO ROMELIO MARTINEZ,142,19,21181
TEATRO EL PARQUE,141,141,171
TEATRO PABLO TOBON URIBE,139,60,1013
BELLO CANCHAS DE COMFAMA ( PARQUE FABRICATO),138,23,460
SALA DE CONCIERTOS DE LA BIBLIOTECA LUIS ANGEL ARANGO,129,129,367
ESTADIO BELLO HORIZONTE - REY PELE (VILLAVICENCIO),123,26,19268
TEATRO JORGE ISAACS - CRA 3 #12-28 CALI,120,25,1236
BARRIO LAS FLORES TAJAMAR,108,108,3200
PARQUE DE LA LEYENDA VALLENATA,104,10,16701
TEATRO SANTIAGO LONDOO,102,23,876
ESTADIO GUILLERMO PLAZAS ALCID,100,33,9500
ESTADIO LA INDEPENDENCIA,92,32,15571
"TEATRO EL ENSUEO - TV 70 D # 60 - 90 SUR, BOGOTA",92,49,795
TEATRO CHARLOT,89,89,200
TEATRO ESCUELA,86,86,300
ESTADIO EDGAR RENTERIA,84,46,9208
CUCUTA ESTADIO GENERAL SANTANDER,84,17,29000
TEATRO WILLIAM SHAKESPEARE - CALLE 153 # 17 - 29,79,27,551
FUNDACION TEATRO CALIMA,76,52,1184
AEROPUERTO INTERNACIONAL JOSE MARIA CORDOVA,74,38,26100
ESTADIO METROPOLITANO,70,13,45904
CENTRO COMERCIAL SERREZUELA,70,14,556
SALA GAITAN,69,69,168
TEATRO UNIVERSIDAD DE MEDELLIN,66,16,1702
COLISEO MAYOR JORGE ARANGO URIBE,63,9,1965
CENTRO NACIONAL DE LAS ARTES - SALA TEATRO,63,7,771
SALON AUDIOVISUAL,60,60,100
POLIDEPORTIVO SUR,58,38,10500
NECTAR ARENA CENTRO DE EVENTOS,53,7,10499
ROYAL CENTER,50,17,3200
"TEATRO LA CONCHA - CL 4 #10-48, CALI, VALLE DEL CAUCA",49,49,76
CENTRO DE CONVENCIONES CARTAGENA,45,7,1800
LA GALLERA,44,44,300
COLISEO ELIAS CHEGWIN,42,20,2650
BIBLOS CAR WASH,42,4,6213
TEATRO MUNICIPAL GUADALAJARA DE BUGA,40,9,500
AVENIDA BOYACA CLL 78- 80,40,10,1002
CAPILLA SANTA CLARA,38,14,300
COLISEO DEL COLEGIO DE LA PRESENTACION,37,17,5264
PARQUE NORTE - LA SOLAR,37,6,9000
TEATRO JOSE CONSUEGRA HIGGINS,36,16,720
AUDITORIO UNIVERSIDAD NACIONAL MANIZALES - CRA 27 #62-56,36,36,500
CAFE INTERNET - SAN FELIPE - CALLE 76 # 20B - 65,33,33,30
CENTRO CULTURAL DEL GIMNASIO MODERNO,32,13,586
PLAZA MAYOR,32,26,10000
RANCHO MX,32,2,6298
ESTADIO JOSE AMERICO MONTANINI,31,2,36649
CENTRO COMERCIAL LOS MOLINOS,30,15,700
TEATRO MUNICIPAL GUILLERMO VALENCIA - POPAYAN,30,8,801
TEATRO TOLIMA - CRA 3 # 11A - 2,29,8,1000
JARDIN BOTANICO - ORQUIDEORAMA,28,7,6000
TEATRO CASSIA,28,9,924
DIAMANTE DE BEISBOL - MEDELLIN,28,3,15332
ESTADIO JAIME MORON,28,2,27286
UNIVERSIDAD DE LA SABANA,27,9,587
TEATRO PIGOANZA - CRA 4 NO 8 - 53,27,11,776
ARENA CAAVERALEJO - CALI (AJUSTE),26,3,14200
TEATRO UNIVERSIDAD DEL ATLANTICO,25,6,1007
ARENA CAAVERALEJO,25,5,8863
AUDITORIO CONFA MANIZALES - CRA 25 CLL 50 ESQUINA,24,24,226
EXPLANADA- PUERTA DE ORO,23,2,16790
"COLEGIO LA ENSEANZA - CL 9 SUR #37-345, MEDELLIN",23,8,804
AUDITORIO CORFERIAS,23,5,757
PLAZA DE TOROS CARTAGENA,23,3,10500
ESTADIO EDGAR RENTERIA - LEONES,23,23,10000
WOW RESTAURANTE BAR,22,22,50
CRA 23 # 50-  66 - DITIRAMBO TEATRO,22,22,120
CHAMORRO CITY HALL - AUTO NTE #153-81,22,9,6350
TEATRO CASA TEATROVA,22,22,103
TEATRO LA FACTORIA TINO FERNANDEZ - FUNDACION L’EXPLOSE,21,21,96
AUDITORIO SONIA FAJARDO FORERO,20,10,230
PALACIO DE LOS DEPORTES,20,3,3272
TEATRO R101,20,20,83
TEATRO LIBRE DE CHAPINERO,20,5,567
SALITRE MAGICO,20,4,1530
ESTADIO GENERAL SANTANDER - SILVESTRE 2024,19,1,23335
TEATRO TALLER DE COLOMBIA,19,19,160
FUNDACION ESCENICA CALI TEATRO - CRA 12 # 4 - 51,19,17,150
CAFE INTERNET - BOGOTA,18,18,50
TEATRO HILOS MAGICOS,18,18,150
ESTACION METRO LA ESTRELLA,18,3,460
ESTADIO JARAGUAY,18,3,7500
LA CASA DEL OSO,18,18,200
CENTRO DE EVENTOS CENFER,18,4,9803
LABORARTORIO 1 Y 2,18,18,50
PARQUE METROPOLITANO SIMON BOLIVAR,17,4,19181
TEATRO LIBRE CENTRO,17,17,170
CARRUSEL DEL RIO,17,9,4140
CARRERA 50 BARRANQUILLA,16,16,15000
TEATRO LA CANDELARIA,16,16,200
CENTRO DE EVENTOS AUTOPISTA NORTE,16,2,6180
LOTE FRENDE AL HOMCENTER,16,4,300
CAPILLA SANTA TERESA,16,4,216
HOTEL ATOLON BEACH CLUB,16,2,6000
CARPA AMERICAS CORFERIAS,16,2,6620
CIUDADELA CUARTA REVOLUCION Y TRANSFORMACION DEL APRENDIZAJE,16,16,400
COUNTRY CLUB DE BOGOTA - CL 127C #15-2,15,3,1144
TEATRO LAS BETHLEMITAS - CARRERA 43 # 17 A 34,15,6,1477
POLIDEPORTIVO SUR DE ENVIGADO - FERIA DE FLORES 2024,15,1,21873
TEATRO LYCEE FRANÇAIS LOUIS PASTEUR - BOGOTA,15,15,236
ESTADIO HERNAN RAMIREZ VILLEGAS,15,1,40124
COLISEO BERNARDO CARABALLO,14,14,600
ESTADIO SIERRA NEVADA,14,1,20222
LE TIENDE - CARRERA 24 # 37-44 BOGOTA,14,14,70
CENTRO CULTURAL GIMNASIO MODERNO,14,8,586
MUNDO AVENTURA,13,2,5181
"TEATRO EL ENSUEO - TV 70 D # 60 - 90 SUR, BOGOTA (GA)",13,7,1100
CLUB COMFAMILIAR LOS LAGOS,13,2,10204
EXPOFUTURO - PEREIRA,13,5,4920
ESTADIO FRANCISCO RIVERA ESCOBAR - PALMIRA,13,3,12538
CITY HALL EL RODEO - MEDELLIN,12,3,3900
ESTADIO DE BEISBOL LA ESPERANZA,12,1,9593
CITY HALL - PAUL VAN DYK MEDELLIN,12,2,3910
CENTRO NACIONAL DE LAS ARTES - SALA TERESITA GOMEZ,12,12,120
AUTODROMO DE TOCANCIPA,12,6,15000
AUDITORIO PALACIO DE LA PROCLAMACION,12,3,250
PLAZA DE TOROS CAAVERALEJO - CALI,12,1,7340
TUTAINA EJE CAFETERO - PEREIRA,12,12,150
CINCUENTENARIO,12,3,10450
MALECON - CALLE 72,12,3,1997
SKYCENTER CENTRO DE EVENTOS - MEDELLIN,12,3,2800
TEATRO GUILLERMO MATERON - PALMIRA,12,3,401
PLAZA DE TOROS MARRUECOS PUENTE DE PIEDRA,12,1,2526
TEATRO CAJAMAG - CLL 23 # 7 78 SANTA MARTA,12,3,834
BAR BABA YAGA TASCA - BUCARAMANGA,12,12,120
SALA MARIA ISABEL MURILLO,12,12,70
LAS TERRAZAS RIO LUNA,11,2,1089
SALA BEETHOVEN - CALI,11,11,653
SALA ANTONIO MARIA VALENCIA  - CALI,11,11,653
PLAZA PRINCIPAL,11,2,650
LOURDES MUSIC HALL  - BOGOTA,11,4,2848
PARQUE NORTE - CANCHA CINCUENTENARIO (UNIDAD DEP),11,1,11000
TEATRO QUIMERA,10,10,100
UNIVERSIDAD EAN - CARRERA 11 # 78-47,10,5,4800
AUDITORIO MARIO LASERNA - U LOS ANDES,10,5,492
FACULTAD DE ARTES – UNIVERSIDAD JAVERIANA,10,10,12
AUDITORIO UNIVERSIDAD EAN,10,10,503
AUDITORIO MUNICIPAL DE MOSQUERA,10,4,686
TEATRO JORGE ARANGO TAMAYO - CHIA,10,5,1199
RUMBODROMO DE LA 22,10,1,8421
TEATRO BERNARDO ROMERO LOZANO,10,10,125
PLAZA DE TOROS - BUCARAMANGA,10,1,15200
ESTADIO HERMIDES PADILLA,10,1,10390
TEATRO ASTOR PLAZA 2,10,10,42
VIA 40 (34-39),9,9,2785
VILLA OLIMPICA - AGUSTIN CODAZZI,9,1,1800
VIA 40 (27-28),9,9,1201
VIA 40 (29-31),9,9,1394
VIA 40 (3-4),9,9,1201
VIA 40 (32-33),9,9,1201
VIA 40 (25-26),9,9,1201
VIA 40 (21-22),9,9,1201
VIA 40 (19-20),9,9,1201
VIA 40 (14),9,9,601
VIA 40 (23-24),9,9,1201
VIA 40 (12-13),9,9,1441
VIA 40 (17-18),9,9,1215
PATIO CENTRAL DEL CENTRO CULTURAL DEL ORIENTE,9,1,980
CASA AMARILLA - CENTRO DE EVENTOS,9,1,2520
PARQUE DE EVENTOS - LA INDEPENDENCIA,9,1,25860
JARDIN BOTANICO - MOR PRIDE,9,3,11100
"FENIX BEACH CLUB, TIERRA  BOMBA",9,4,400
VIA 40 MINI PALCOS,9,9,5549
VIA 40 TRONCO DE PALCO,9,9,1561
VIA 40 GARABATO,9,9,1201
VIA 40 CUMBIA,9,9,1201
VIA 40 (9),9,9,319
VIA 40 - (41),9,9,1201
VIA 40 (10-11),9,9,1441
ASDESILLA RIONEGRO,9,3,3588
AUDITORIO LUIS A CALVO,8,4,989
CENTRO DE CONVENCIONES G12,8,8,10000
CIUDAD DEL RIO - DETRAS DEL MUSEO DE ARTE MODERNO,8,8,2000
TEATRO MALDONADO,8,4,985
PABELLON DE CRISTAL - GRAN MALECON,8,8,1000
CANTINA LA 70 - CRA 70 #44B - 76 (MEDELLIN),8,8,150
"PEQUEO TEATRO DE MEDELLIN, SALA RODRIGO SALDARRIAGA",8,4,390
TEATRO ZULIMA,8,6,704
HOTEL DANN CARLTON MEDELLIN,8,8,350
COLISEO BICENTENARIO - BUCARAMANGA,8,8,6000
AVCHILACOS - PARQUE DEL CONSEJO,8,2,504
CENTRO CULTURAL METROPOLITANO DE CONVENCIONES - ARMENIA,8,3,1512
ESTACION DE SERVICIO SAN DIEGO,7,7,180
CITY HALL EL RODEO,7,2,50000
CASA DEL TEATRO NACIONAL,7,7,150
HOTEL TEQUENDAMA - SUITES TEQUENDAMA,6,6,1000
JARDIN BOTANICO ORQUIDEORAMA - ANOTR,6,1,15000
TEATRO SARMIENTO - CLL 27 # 23- 32 CENTRO TULUA,6,1,1177
TEATRO SANTA MARTA - CL 16 #5 - 10,6,4,804
LA SINAGOGA DEL TEATRO NACIONAL,6,6,60
TRANSPORTE LEGACY TOUR,6,2,900
ITO RESTOBAR,6,1,1151
CENTRO DE DANZA - LA LICORERA,6,6,450
IGLESIA DE SAN IGNACIO - BOGOTA,6,2,740
INDIGO - MOVISTAR ARENA,6,6,50
CLUB SOCIAL VALLEDUPAR,6,6,1600
TEATRO EL GALPON UNIVERSIDAD DE CALDAS,6,6,100
COLISEO LAS BETHLEMITAS - CARRERA 13 #24-12,6,2,1700
FINCA LA BENDICION - SANTA ELENA,6,3,360
"SAFARI DISCO CLUB, AV SANTANDER #63 - 122, MANIZALES",6,2,754
CALLE 13 BAR -  BOGOTA,6,1,760
FONDA TUTAINA -  POBLADO CALLE 10 # 43E – 72,6,6,100
ROYAL HOUSE,6,5,1200
CENTRO DE CONVENCIONES ''JULIO VILLAZON BAQUERO'',6,1,1209
BEETHOVEN-BELLAS ARTES - CALI,6,1,653
COUNTRY CLUB BARRANQUILLA,6,1,2480
CENTRO COMERCIAL PASEO VILLA DEL RIO,5,1,2495
AUDITORIO TEATRO COMPENSAR AV 68,5,5,250
CITY HALL EL RODEO - DRUMCODE,5,1,3654
ESTADIO DE FUTBOL - INMACULADA CONCEPCION,5,1,5874
CATEDRAL DE BARRANQUILLA,5,3,1589
AUDITORIO CASA DE LA CULTURA - CRA 2 NO 2-40 (SOPO),5,5,180
PLAZA DE TOROS DE MANIZALES,5,1,8700
ESTADIO MUNICIPAL DE VILLETA,5,1,194
ALUNA BEACH - SANTA MARTA,5,1,5150
BUTACO BAR,5,5,50
TEATRO CRUZ ROJA - ARMENIA,5,5,493
EL SOL CENTRO DE EVENTOS,5,1,761
TEATRO JUAN PABLO GONZALEZ POMBO - BOGOTA,5,1,535
TEATRO EL ENSUEO,5,3,719
COLISEO MAYOR DE IBAGUE,5,1,7151
DOUBLE TREE BY HILTON SALITRE,5,5,300
SALON ESPEJOS TEATRO JORGE ELIECER GAITAN,5,5,25
DISCO MOVISTAR ARENA,5,4,1000
AUDITORIO SAN AGUSTIN - BOGOTA,4,2,1025
CENTRO DE EVENTOS AUTOPISTA SUR - BOGOTA,4,1,917
TEATRO MUSEO DEL ARTE - PEREIRA,4,4,330
VITA CENTRO DE EVENTOS,4,4,300
ARENA LAS MEJORES PRODUCCIONES,4,1,2140
CLUB BELLAVISTA COLSUBSIDIO,4,2,3000
COLISEO MEDPLUS,4,1,650
HOTEL HILTON CARTAGENA,4,1,1350
RIVANA BUSINESS PARK,4,3,100
TEATRO COLEGIO SAN FELIPE NERI - PASTO,4,2,1126
TEATRINO MUNICIPAL  ENRIQUE BUENAVENTURA,4,4,206
SALON JUMBO COUNTRY CLUB,4,2,1747
TEATRO ESTUDIO QUINTA PORRA,4,4,80
PUERTA DE ORO BARRANQUILLA - LA EXPLANADA,4,1,5550
PUERTA DE ORO BARRANQUILLA,4,1,6780
PARQUE DE LA 93,4,1,240
PARQUE MUSEO EL CHICO,4,3,6000
LA CENTRAL - CALI,4,4,81
LA CUADRA PARED GASTRO BAR - CALLE 44 # 50-28,4,4,80
DIAMANTE DE SOFTBOL,4,1,6624
LAS PALMAS CENTRO DE EVENTOS,4,1,1068
CASA BALI - ZONA E,4,1,1100
AUDITORIO DE LA FUNDACION BATUTA CALDAS - MANIZALES,4,4,250
AUDITORIO CAMARA DE COMERCIO SOGAMOSO,3,3,466
TEATRO SANTAFE - BOGOTA,3,1,356
MONUMENTO A LA MADRE TIERRA,3,3,2500
MOYS RESTAURANTE BAR,3,2,525
CINARUCO BAR - CRA 14 NO 24A -15 - YOPAL,3,3,300
KABALA BAR - MANIZALES,3,3,100
PARQUE RECREATIVO COMFENALCO GUAYABAL,3,3,8000
PARQUE EL NOGAL,3,3,2000
SALA: TALLER DE LA IMAGEN,3,3,15
"TEATRO BELARTE - CRA 7 #152- 54, BOGOTA",3,1,239
AUDITORIO ZEA MAYZ - CRA 7 # 15- 51 CHIA,3,2,720
TEATRO ECCI,3,1,609
AVCIRCUNVALAR,3,3,1000
HOTEL GRAND GHL - CRA 39C #19C 15 VILLAVICENCIO,3,2,1000
EL CUBO COLSUBSIDIO,3,1,624
EL CAMPINCITO,3,1,14000
CENTRO INTERACTIVO MALOKA,3,3,472
AUDITORIO SKANDIA,3,1,248
AUDITORIO MARIE POUSSEPIN,3,3,878
CLUB DE LOS ASADOS - FINCA DE RIGO,3,1,402
FUNDACION ESCENICA CALI TEATRO,3,3,150
COLECTIVO TEATRAL INFINITO - CALI,3,3,65
TEATRO IMPERIAL  CRA 26 NO 14 - 59  PASTO,3,2,518
COLISEO ARENA DE SAL,3,1,2306
"COPA AMERICA - LEVI’S STADIUM, SANTA CLARA, CALIFORNIA",3,1,100
TEATRO LA MASCARA - CRA 10 # 3-40,3,3,103
TEATRO LAURELES,3,3,242
TEATRO LA SALA,3,3,120
HACIENDA SAN RAFAEL,3,3,1000
"HACIENDA FIZEBAD, EL RETIRO",3,3,1500
CENTRO DE CONVENCIONES - CL 26 NTE #11-21,3,1,1200
CENTRO DE FELICIDAD SEDE CHAPINERO,3,3,12
CLUB CAMPESTRE DE VALLEDUPAR,3,3,1200
HANGAR PARK,3,1,7056
HOTEL BARRANQUILLA PLAZA,3,2,300
AUDITORIO UNIVERSIDAD SANTO TOMAS,3,1,446
TEATRO MEXICO - CL 22 #5-85 BOGOTA,3,1,1286
PARQUE MANUEL MURILLO TORO,2,1,1200
CENTRO COMERCIAL PLAZA CLARO,2,2,118
PARQUE LA MARINA,2,2,2000
CENTRO CULTURAL HECTOR POLANIA SANCHEZ - PITALITO HUILA,2,2,160
TEATRO MUNICIPAL SUA,2,1,447
UNIVERSIDAD DISTRITAL - FACULTAD DE ARTES ASAB,2,2,20
AUDITORIO UIS SEDE BARBOSA,2,2,232
ESTADIO METROPOLITANO CIUDAD DE ITAGNI,2,1,7600
AUDITORIO MAYOR CARLOS GOMEZ ALBARRACIN - B/MANGA,2,2,780
TEATRO JUAN DE DIOS ARANZAZU - LA CEJA,2,1,484
COLEGIO BURECHE - KM 2 VIA GAIRA,2,2,700
EL GRAN CAFE - PEREIRA,2,2,100
EL TEMPLO DEL ROCK - CRA 44 #74-05 B/QUILLA,2,2,100
HYATT PLACE,2,2,96
MALECON TURISTICO RIO MAGDALENA,2,1,550
KRUDA DISCO BAR - CRA 56 4B 57,2,1,152
NEOMUNDO CENTRO EVENTOS Y CONVENCIONES,2,2,2000
PLATAFORMA ZOOM,2,2,50
MEZCAL MEXICAN CANTINA - BOGOTA,2,1,500
MBS THEATER,2,1,880
CASA DEL CARNAVAL & VIA 40,2,2,500
"CASA DE LA CULTURA ""LUCELLY GARCIA DE MONTOYA"" - CALARCA",2,2,320
AVENIDA SANTANDER #59-10 - MANIZALES,2,2,100
TEATRO BELARTE - AG,2,1,189
TEATRO CASA DE LA CULTURA CHINCHINA - CALDAS,2,2,170
BORO ROOM,2,2,700
BARRIO FINO - CALLE 26 # 43G-30  MEDELLIN,2,2,150
PLAZOLETA CENTRO COMERCIAL GRAN ESTACION,2,2,220
HOTEL OBELISCO CALI,2,2,10
HOTEL LA FONTANA,2,2,115
HOTEL DANN CARLTON,2,2,1400
PLAZA CULTURAL SANTAMARIA,2,2,8000
GUITARRA & COFFEE - BARRIO LAURELES,2,2,90
CENTRO DE CONVENCIONES META HOTEL GHL,2,1,1000
AUDITORIO MAYOR UNAB AV 42 NO 48-11 - B/MANGA,2,2,796
AUDITORIO HOTEL BACHUE,2,2,216
TEATRO TEOFILO CARVAJAL POLANIA - CLL 7 NO 6A - 65,2,2,160
TEATRO UNIVERSIDAD CES,2,1,503
VIA 40,2,2,181
CENTRO COMERCIAL MAYORCA,2,1,12000
AUDITORIO LUCY TEJADA,2,1,392
CASA TEATRO EL POBLADO,2,2,200
CASA PARAMO - PASTO,2,2,70
AUDITORIO SOMOS CREADORES,2,2,1000
UNIVERSIDAD DE IBAGUE,2,2,300
AUDITORIO ANTON KRAUS - COLEGIO ANDINO,2,2,850
AUDITORIO UNIVERSIDAD DE MEDELLIN,2,2,150
AUDITORIO  COMITE DE GANADEROS DE LA DORADA,2,2,170
AVENIDA BOLIVAR #13N-07 - ARMENIA,2,2,80
TEATRO BERRIO - SANTA ROSA DE OSOS,2,2,318
TEATRO DEL PRESAGIO - CALI,2,2,200
440 MUSIC HALL,2,1,785
AUDITORIO LUIS MARTIN MANCIPE DE CULTURAMA | DUITAMA,2,2,365
"CARRERA 6 Nº 4-41 SEGUNDO PISO, VILLETA",1,1,150
CAMARA DE COMERCIO - CRA 12 NO 6-29B EL ROSARIO GARZON,1,1,200
CALLE 42 # 1 - 02 TERRAZA COMEDY HOUSE - TUNJA,1,1,65
CAPILLA DE LOS SANTO APOSTOLES DEL GIMNASIO MODERNO,1,1,280
CAMARA DE COMERCIO DE CASANARE - AUDITORIO QUIRIPA,1,1,656
INCOLBALLET SEDE CENTRAL,1,1,500
MONASTERY CLUB,1,1,380
MUDDY´S ROCK CAFE - CALLE 33B # 40 - 68,1,1,40
MUNICIPAL MUSICA VIVA - BUCARAMANGA,1,1,150
PANACA QUINDIO,1,1,10000
MR BEEF - FUSAGASUGA,1,1,160
CAMARA DE COMERCIO  DUITAMA: CENTRO DE EVENTOS Y NEGOCIOS,1,1,900
CAJACOPI PRADO,1,1,700
"CINE COLOMBO, MEDELLIN",1,1,160
JUANKA PUNTA DE ANCA - SOGAMOSO,1,1,190
CENTRO SOCIAL DE AGENTES Y PATRULLEROS,1,1,500
CENTRO NACIONAL DE LAS ARTES - SALA FOYER CLL10 NO 5-32,1,1,100
KIMERA FOOD AND DRINKS,1,1,500
PARQUE DE LOS PIES DESCALZOS,1,1,1000
PARQUE EL COUNTRY,1,1,800
IDILIO BAR,1,1,80
CENTRO COMERCIAL BAZAAR 80,1,1,130
AUDITORIO CINEMA CASANARE - CLL9 #23-33 (YOPAL),1,1,300
AUDITORIO HOTEL WAYRA DG 15 NO 21-10 (ACACIAS),1,1,180
AUDITORIO GONZALO PRADA MANTIL,1,1,382
AUDITORIO COPACABANA - CALLE 49 # 57A -47,1,1,130
LA MEDIA TORTA,1,1,2004
LA MILAGROSA - CALLE 8 #78-35 BARRIO CASTILLA,1,1,100
LA SALITA,1,1,45
LICEO FRANCES - CARRERA 8 NO 86 - 50,1,1,200
ESTADIO DITAIRES,1,1,3000
AUDITORIO CEG,1,1,700
THE CHURCH MEDELLIN,1,1,1000
TEATRO UNION HONDA TOLIMA,1,1,300
TIENDA DE TOO GEEK,1,1,500
"TONIKA VIP - CHAPARRAL, TOLIMA",1,1,300
TEATRO PUNTO DE PARTIDA,1,1,30
TEATRO TEB - TUNJA,1,1,115
UNIVERSIDAD INDUSTRIAL DE SANTANDER,1,1,203
AUDITORIO CAMARA DE COMERCIO DE IPIALES,1,1,200
AUDITORIO CAMARA DE COMERCIO  CARTAGO,1,1,270
AUDITORIO CAMARA DE COMERCIO DE FLORENCIA,1,1,350
AUDITORIO CAMARA DE COMERCIO DEL CAUCA - QUILICHAO,1,1,160
CINEMATECA DE BOGOTA - CENTRO GRAL,1,1,30
AUDITORIO BIBLIOTECA GERMAN ARCINIEGAS - V/CENCIO,1,1,400
"AUDITORIO LAS GARZAS COLEGIO COFREM - ACACIAS, META",1,1,350
AUDITORIO CINEMA CASANARE - CLL 9 NO 22-75 (YOPAL),1,1,324
CASA EL ROSAL,1,1,600
"LOS CAPACHOS - KM 4 VIA ACACIAS, 472 (VILLAVICENCIO)",1,1,450
LULA SHOTS BAR - CALLE 84A # 14 A -4,1,1,100
LOOP CLUB - TUNJA,1,1,150
CASA DANN CARLTON HOTEL - SALON BRITANIA CALLE 93B 19-44,1,1,690
CENTRO COMERCIAL EL TESORO,1,1,400
EL GATO QUE LEE Y TOMA CAFE -  CALLE 70 11 48,1,1,30
BAR LA TEQUILERA - FUSAGASUGA,1,1,170
"AUDITORIO ZEA MAYZ - CRA 8 #16 54, CHIA",1,1,700
AUTOPISTA NORTE #232-0 - EL PARCHE DE NAIRO,1,1,650
AVALON DISCO BAR CR2 N334	(ANAPOIMA),1,1,180
TEATRO CINEMA - CALLE 6 # 13- 07 (BUGA),1,1,402
TEATRO DON JUAN DE MARIA MARULANDA,1,1,301
TEATRO EL ESCONDITE,1,1,90
TEATRO EL ESPACIO - CALLE 39A # 25 - 28,1,1,40
TEATRO CECILIA | PAMPLONA N/SANTANDER,1,1,303
TEATRO CENTRO CULTURAL VALERIO ANTONIO JIMENEZ,1,1,700
BIBLIOTECA NACIONAL DE COLOMBIA,1,1,8
BOGOTA (DIRECCION EXACTA SE COMPARTE TRAS INSCRIPCION),1,1,30
SEDE GABRIEL OCHOA URIBE (CASCAJAL),1,1,397
SAN BONIFACIO,1,1,400
SALVIO PARQUE 93 HOTEL,1,1,100
TEATRO CASA DE LOS TITERES - CRA 9 # 4-55 COMUNA 3 - CALI,1,1,100
BARRANQUILLA  CALLE 106 NO 50-11,1,1,200
CABARET ROSA,1,1,70
BORA BORA - CALLE 8 #19-32 - LA MESA,1,1,100
DOUBLETREE BY HILTON PARQUE 93,1,1,200
RESTAURANTE LA ZIMA,1,1,250
"PROVINCIA  BAR -  CRA 7 #7-45, UBATE, CUNDINAMARCA",1,1,100
HOTEL HACARITAMA COLONIAL - VILLAVICENCIO,1,1,300
"HOTEL EL PRADO (CARRERA 54 #70-10, NORTE CENTRO HISTORICO)",1,1,209
HOTEL HOLIDAY INN CL 11A #1E – 132 | CUCUTA,1,1,310
"HOTEL JW MARRIOTT BOGOTA - CL 73 #8-60, CHAPINERO",1,1,300
HOTEL ESTELAR CARTAGENA,1,1,828
HOTEL SAN FERNANDO PLAZA,1,1,150
HOTEL SONESTA BOGOTA,1,1,160
HOTEL SHERATON BOGOTA - CL 25B #Nº 69 C-80,1,1,700
EL REY - CALLE 24C #75-69 - BOGOTA,1,1,150
ESPACIO VASTO - PEREIRA,1,1,112
PLAZA DE BOLIVAR,1,1,200
PLAZA DE LA PAZ,1,1,3758
PLAZA DE TOROS LA MONUMENTAL,1,1,8000
RESTAURANTE EL PORTICO - EL PORTICO KM 19 AUTOPISTA NORTE,1,1,2500
RESTAURANTE BAR AMAZONICA VILLAVICENCIO,1,1,100
DISCOTECA DULCINEA CALLE 44 NO 69-96 LAURELES,1,1,600
DAVIARENA,1,1,20
"BARCELONA BAR, PORTAL DE CERRITOS",1,1,84
"CLUB MEDELLIN, CALLE 50 # 43-65",1,1,800
BAR REY LAGARTO CARRERA 29 #17-74 CENTRO,1,1,150
"BAR SANTA FARRA - CL 17 #13 - 72, CENTRO-SUR",1,1,100
FLOW MULTIESPACIO - DUITAMA,1,1,350
"FOLK HOUSE - CALLE 25 #19-25, PISO 2 PAIPA",1,1,40
FUNDACION AUTONOMA DE LA SALLE AUDITORIO,1,1,300
FROGG CLUB,1,1,450
BAR LONDON BRIDGE PUB - CUCUTA,1,1,74
TEATRO METROPOLITANO - ZONA ABIERTA,1,1,4000
"COPA AMERICA - NRG STADIUM, HOUSTON, TEXAS",1,1,150
HACIENDA MARQUEZ,1,1,1656
HOOKA CLUB  AVENIDA CIRCUNVALAR,1,1,150
HACIENDA MAANITAS,1,1,2000
FOUR SEASONS HOTEL AND RESIDENCES - SALON DE LA VERACRUZ,1,1,280
CENTRO HISTORICO DE CALI - CALLE 6 #4-32,1,1,40
TEATRO MUNICIPAL GILDARDO TOVAR,1,1,300
CLUB CAMPESTRE DE IBAGUE,1,1,300
FINAL COPA,1,1,1
AUDITORIO RAFAEL ARDILA DUARTE,1,1,340
TEATRO NOEMI GONZALEZ DE CORRALES- CASA DE LA CULTURA,1,1,175
AUDITORIO LUIS FELIPE VELEZ HERRERA - ADIDA CL 57 #42-70,1,1,660
VORTICE -  CALI,1,1,30
AEROPARQUE JUAN PABLO SEGUNDO,1,1,4000
ZONA E MARRAKESH,1,1,950
