site,type_site,confianza,aforo_max,funciones,fecha_clasificacion,fuente,modelo_llm,taxonomia_version,fecha_reclasificacion
TEATRO MAYOR JULIO MARIO SANTO DOMINGO,TEATRO,0.98,1303,288,2026-09-24,revision_humana,,v2,2026-09-28
SALA 3 CINEMATECA,CINEMATECA,0.98,75,2392,2026-09-24,revision_humana,,v2,2026-09-28
SALA CAPITAL CINEMATECA,CINEMATECA,0.98,271,2379,2026-09-24,revision_humana,,v2,2026-09-28
SALA 2 CINEMATECA,CINEMATECA,0.98,75,2235,2026-09-24,revision_humana,,v2,2026-09-28
MOVISTAR ARENA,ARENA,0.98,13413,242,2026-09-24,revision_humana,,v2,2026-09-28
"YAWA, CENTRO DE CIENCIA, ARTE Y TECNOLOGIA - CALI",MUSEO,0.98,120,1476,2026-09-24,revision_humana,,v2,2026-09-28
TREN TURISTICO,OTROS_RECINTOS,0.98,858,366,2026-09-24,revision_humana,,v2,2026-09-28
TEATRO EL TESORO,TEATRO,0.98,938,643,2026-09-24,revision_humana,,v2,2026-09-28
MALOKA,MUSEO,0.98,309,864,2026-09-24,revision_humana,,v2,2026-09-28
ESTADIO PALOGRANDE - MANIZALES,ESTADIO,0.98,35600,78,2026-09-24,revision_humana,,v2,2026-09-28
BOOM STAND UP BAR - BOGOTA,RESTAURANTE,0.98,330,810,2026-09-24,revision_humana,,v2,2026-09-28
CENTRO NACIONAL DE LAS ARTES - SALA TEATRO COLON CLL10 #5-32,TEATRO,0.98,771,102,2026-09-24,revision_humana,,v2,2026-09-28
ESTADIO EL CAMPIN,ESTADIO,0.98,46678,48,2026-09-24,revision_humana,,v2,2026-09-28
TEATRO JORGE ELIECER GAITAN,TEATRO,0.98,1725,134,2026-09-24,revision_humana,,v2,2026-09-28
TEATRO SANTANDER,TEATRO,0.98,1000,164,2026-09-24,revision_humana,,v2,2026-09-28
TEATRO COLSUBSIDIO,TEATRO,0.98,1017,46,2026-09-24,revision_humana,,v2,2026-09-28
TEATRO PETRA,TEATRO,0.98,160,471,2026-09-24,revision_humana,,v2,2026-09-28
ESTADIO PASCUAL GUERRERO,ESTADIO,0.98,44037,48,2026-09-24,revision_humana,,v2,2026-09-28
TEATRO ASTOR PLAZA,TEATRO,0.98,1222,134,2026-09-24,revision_humana,,v2,2026-09-28
PLANETARIO DE BOGOTA,MUSEO,0.98,10000,422,2026-09-24,revision_humana,,v2,2026-09-28
TEATRO METROPOLITANO DE MEDELLIN,TEATRO,0.98,1634,115,2026-09-24,revision_humana,,v2,2026-09-28
AUDITORIO FABIO LOZANO,OTROS_RECINTOS,0.93,590,132,2026-09-24,reglas_heuristicas,,v2,2026-09-28
CARPA DELIRIO,OTROS_RECINTOS,0.98,1797,18,2026-09-24,revision_humana,,v2,2026-09-28
TEATRO ESTUDIO - JULIO MARIO SANTO DOMINGO,TEATRO,0.98,328,227,2026-09-24,revision_humana,,v2,2026-09-28
TEATRO MUNICIPAL ENRIQUE BUENAVENTURA,TEATRO,0.98,1033,51,2026-09-24,revision_humana,,v2,2026-09-28
CENTRO NACIONAL DE LAS ARTES - SALA DELIA ZAPATA,TEATRO,0.98,503,131,2026-09-24,revision_humana,,v2,2026-09-28
MUSEO LA TERTULIA,MUSEO,0.98,2000,303,2026-09-24,revision_humana,,v2,2026-09-28
BOOM STAND UP BAR - CL 26 #43G-30 BARRIO COLOMBIA,RESTAURANTE,0.98,300,252,2026-09-24,revision_humana,,v2,2026-09-28
TRANSPORTE,OTROS_RECINTOS,0.98,10000,221,2026-09-24,revision_humana,,v2,2026-09-28
ESTADIO ATANASIO GIRARDOT,ESTADIO,0.98,55011,13,2026-09-24,revision_humana,,v2,2026-09-28
TEATRO ADOLFO MEJIA,TEATRO,0.98,634,18,2026-09-24,revision_humana,,v2,2026-09-28
CENTRO NACIONAL DE LAS ARTES - SALA FANNY MIKEY,TEATRO,0.98,400,199,2026-09-24,revision_humana,,v2,2026-09-28
COMPLEJO CULTURAL DELIRIO,OTROS_RECINTOS,0.98,1000,193,2026-09-24,revision_humana,,v2,2026-09-28
ESTADIO MANUEL MURILLO TORO,ESTADIO,0.98,26402,35,2026-09-24,revision_humana,,v2,2026-09-28
ESTADIO METROPOLITANO DE TECHO,ESTADIO,0.98,8078,40,2026-09-24,revision_humana,,v2,2026-09-28
TEATRO FUNDADORES,TEATRO,0.98,1233,63,2026-09-24,revision_humana,,v2,2026-09-28
TEATRO CAFAM - AV CAR 68 NO 90 - 88,TEATRO,0.98,967,19,2026-09-24,revision_humana,,v2,2026-09-28
GRAN MALECON BARRANQUILLA,PARQUE,0.98,9000,151,2026-09-24,revision_humana,,v2,2026-09-28
PARQUE NORTE,PARQUE,0.98,50000,39,2026-09-24,revision_humana,,v2,2026-09-28
ESTADIO ROMELIO MARTINEZ,ESTADIO,0.98,21181,19,2026-09-24,revision_humana,,v2,2026-09-28
TEATRO EL PARQUE,TEATRO,0.95,171,141,2026-09-24,reglas_heuristicas,,v2,2026-09-28
TEATRO PABLO TOBON URIBE,TEATRO,0.98,1013,60,2026-09-24,revision_humana,,v2,2026-09-28
BELLO CANCHAS DE COMFAMA ( PARQUE FABRICATO),PARQUE,0.895,460,23,2026-09-24,reglas_heuristicas,,v2,2026-09-28
SALA DE CONCIERTOS DE LA BIBLIOTECA LUIS ANGEL ARANGO,MUSEO,0.98,367,129,2026-09-24,revision_humana,,v2,2026-09-28
ESTADIO BELLO HORIZONTE - REY PELE (VILLAVICENCIO),ESTADIO,0.98,19268,26,2026-09-24,revision_humana,,v2,2026-09-28
TEATRO JORGE ISAACS - CRA 3 #12-28 CALI,TEATRO,0.98,1236,25,2026-09-24,revision_humana,,v2,2026-09-28
PARQUE DE LA LEYENDA VALLENATA,PARQUE,0.98,16701,10,2026-09-24,revision_humana,,v2,2026-09-28
TEATRO SANTIAGO LONDOO,TEATRO,0.95,876,23,2026-09-24,reglas_heuristicas,,v2,2026-09-28
ESTADIO GUILLERMO PLAZAS ALCID,ESTADIO,0.98,9500,33,2026-09-24,revision_humana,,v2,2026-09-28
ESTADIO LA INDEPENDENCIA,ESTADIO,0.98,15571,32,2026-09-24,revision_humana,,v2,2026-09-28
"TEATRO EL ENSUEO - TV 70 D # 60 - 90 SUR, BOGOTA",TEATRO,0.98,795,49,2026-09-24,revision_humana,,v2,2026-09-28
TEATRO CHARLOT,TEATRO,0.95,200,89,2026-09-24,reglas_heuristicas,,v2,2026-09-28
TEATRO ESCUELA,TEATRO,0.95,300,86,2026-09-24,reglas_heuristicas,,v2,2026-09-28
ESTADIO EDGAR RENTERIA,ESTADIO,0.98,9208,46,2026-09-24,revision_humana,,v2,2026-09-28
CUCUTA ESTADIO GENERAL SANTANDER,ESTADIO,0.98,29000,17,2026-09-24,revision_humana,,v2,2026-09-28
TEATRO WILLIAM SHAKESPEARE - CALLE 153 # 17 - 29,TEATRO,0.95,551,27,2026-09-24,reglas_heuristicas,,v2,2026-09-28
FUNDACION TEATRO CALIMA,TEATRO,0.95,1184,52,2026-09-24,reglas_heuristicas,,v2,2026-09-28
AEROPUERTO INTERNACIONAL JOSE MARIA CORDOVA,OTROS_RECINTOS,0.935,26100,38,2026-09-24,reglas_heuristicas,,v2,2026-09-28
ESTADIO METROPOLITANO,ESTADIO,0.98,45904,13,2026-09-24,revision_humana,,v2,2026-09-28
SALA GAITAN,TEATRO,0.98,168,69,2026-09-24,revision_humana,,v2,2026-09-28
TEATRO UNIVERSIDAD DE MEDELLIN,TEATRO,0.95,1702,16,2026-09-24,reglas_heuristicas,,v2,2026-09-28
COLISEO MAYOR JORGE ARANGO URIBE,COLISEO,0.98,1965,9,2026-09-24,revision_humana,,v2,2026-09-28
CENTRO NACIONAL DE LAS ARTES - SALA TEATRO,TEATRO,0.98,771,7,2026-09-24,revision_humana,,v2,2026-09-28
POLIDEPORTIVO SUR,PARQUE,0.9,10500,38,2026-09-24,reglas_heuristicas,,v2,2026-09-28
NECTAR ARENA CENTRO DE EVENTOS,ARENA,0.98,10499,7,2026-09-24,revision_humana,,v2,2026-09-28
ROYAL CENTER,TEATRO,0.98,3200,17,2026-09-24,revision_humana,,v2,2026-09-28
"TEATRO LA CONCHA - CL 4 #10-48, CALI, VALLE DEL CAUCA",TEATRO,0.95,76,49,2026-09-24,reglas_heuristicas,,v2,2026-09-28
CENTRO DE CONVENCIONES CARTAGENA,OTROS_RECINTOS,0.98,1800,7,2026-09-24,revision_humana,,v2,2026-09-28
COLISEO ELIAS CHEGWIN,COLISEO,0.98,2650,20,2026-09-24,revision_humana,,v2,2026-09-28
BIBLOS CAR WASH,OTROS_RECINTOS,0.98,6213,4,2026-09-24,revision_humana,,v2,2026-09-28
TEATRO MUNICIPAL GUADALAJARA DE BUGA,TEATRO,0.95,500,9,2026-09-24,reglas_heuristicas,,v2,2026-09-28
COLISEO DEL COLEGIO DE LA PRESENTACION,COLISEO,0.91,5264,17,2026-09-24,reglas_heuristicas,,v2,2026-09-28
PARQUE NORTE - LA SOLAR,PARQUE,0.98,9000,6,2026-09-24,revision_humana,,v2,2026-09-28
TEATRO JOSE CONSUEGRA HIGGINS,TEATRO,0.95,720,16,2026-09-24,reglas_heuristicas,,v2,2026-09-28
AUDITORIO UNIVERSIDAD NACIONAL MANIZALES - CRA 27 #62-56,OTROS_RECINTOS,0.98,500,36,2026-09-24,revision_humana,,v2,2026-09-28
CAFE INTERNET - SAN FELIPE - CALLE 76 # 20B - 65,RESTAURANTE,0.98,30,33,2026-09-24,revision_humana,,v2,2026-09-28
CENTRO CULTURAL DEL GIMNASIO MODERNO,TEATRO,0.98,586,13,2026-09-24,revision_humana,,v2,2026-09-28
PLAZA MAYOR,OTROS_RECINTOS,0.98,10000,26,2026-09-24,revision_humana,,v2,2026-09-28
RANCHO MX,RESTAURANTE,0.98,6298,2,2026-09-24,revision_humana,,v2,2026-09-28
ESTADIO JOSE AMERICO MONTANINI,ESTADIO,0.98,36649,2,2026-09-24,revision_humana,,v2,2026-09-28
TEATRO MUNICIPAL GUILLERMO VALENCIA - POPAYAN,TEATRO,0.95,801,8,2026-09-24,reglas_heuristicas,,v2,2026-09-28
TEATRO TOLIMA - CRA 3 # 11A - 2,TEATRO,0.95,1000,8,2026-09-24,reglas_heuristicas,,v2,2026-09-28
JARDIN BOTANICO - ORQUIDEORAMA,PARQUE,0.98,6000,7,2026-09-24,revision_humana,,v2,2026-09-28
TEATRO CASSIA,TEATRO,0.95,924,9,2026-09-24,reglas_heuristicas,,v2,2026-09-28
DIAMANTE DE BEISBOL - MEDELLIN,ESTADIO,0.98,15332,3,2026-09-24,revision_humana,,v2,2026-09-28
ESTADIO JAIME MORON,ESTADIO,0.98,27286,2,2026-09-24,revision_humana,,v2,2026-09-28
UNIVERSIDAD DE LA SABANA,OTROS_RECINTOS,0.98,587,9,2026-09-24,revision_humana,,v2,2026-09-28
TEATRO PIGOANZA - CRA 4 NO 8 - 53,TEATRO,0.95,776,11,2026-09-24,reglas_heuristicas,,v2,2026-09-28
ARENA CAAVERALEJO - CALI (AJUSTE),ARENA,0.98,14200,3,2026-09-24,revision_humana,,v2,2026-09-28
TEATRO UNIVERSIDAD DEL ATLANTICO,TEATRO,0.95,1007,6,2026-09-24,reglas_heuristicas,,v2,2026-09-28
ARENA CAAVERALEJO,ARENA,0.98,8863,5,2026-09-24,revision_humana,,v2,2026-09-28
AUDITORIO CONFA MANIZALES - CRA 25 CLL 50 ESQUINA,OTROS_RECINTOS,0.93,226,24,2026-09-24,reglas_heuristicas,,v2,2026-09-28
EXPLANADA- PUERTA DE ORO,OTROS_RECINTOS,0.98,16790,2,2026-09-24,revision_humana,,v2,2026-09-28
"COLEGIO LA ENSEANZA - CL 9 SUR #37-345, MEDELLIN",OTROS_RECINTOS,0.98,804,8,2026-09-24,revision_humana,,v2,2026-09-28
AUDITORIO CORFERIAS,OTROS_RECINTOS,0.93,757,5,2026-09-24,reglas_heuristicas,,v2,2026-09-28
PLAZA DE TOROS CARTAGENA,PARQUE,0.895,10500,3,2026-09-24,reglas_heuristicas,,v2,2026-09-28
ESTADIO EDGAR RENTERIA - LEONES,ESTADIO,0.98,10000,23,2026-09-24,revision_humana,,v2,2026-09-28
WOW RESTAURANTE BAR,RESTAURANTE,0.98,50,22,2026-09-24,revision_humana,,v2,2026-09-28
CRA 23 # 50-  66 - DITIRAMBO TEATRO,TEATRO,0.95,120,22,2026-09-24,reglas_heuristicas,,v2,2026-09-28
CHAMORRO CITY HALL - AUTO NTE #153-81,OTROS_RECINTOS,0.98,6350,9,2026-09-24,revision_humana,,v2,2026-09-28
TEATRO CASA TEATROVA,TEATRO,0.95,103,22,2026-09-24,reglas_heuristicas,,v2,2026-09-28
TEATRO LA FACTORIA TINO FERNANDEZ - FUNDACION L’EXPLOSE,TEATRO,0.95,96,21,2026-09-24,reglas_heuristicas,,v2,2026-09-28
AUDITORIO SONIA FAJARDO FORERO,OTROS_RECINTOS,0.93,230,10,2026-09-24,reglas_heuristicas,,v2,2026-09-28
PALACIO DE LOS DEPORTES,COLISEO,0.98,3272,3,2026-09-24,revision_humana,,v2,2026-09-28
TEATRO R101,TEATRO,0.95,83,20,2026-09-24,reglas_heuristicas,,v2,2026-09-28
TEATRO LIBRE DE CHAPINERO,TEATRO,0.95,567,5,2026-09-24,reglas_heuristicas,,v2,2026-09-28
SALITRE MAGICO,PARQUE,0.98,1530,4,2026-09-24,revision_humana,,v2,2026-09-28
ESTADIO GENERAL SANTANDER - SILVESTRE 2024,ESTADIO,0.98,23335,1,2026-09-24,revision_humana,,v2,2026-09-28
TEATRO TALLER DE COLOMBIA,TEATRO,0.95,160,19,2026-09-24,reglas_heuristicas,,v2,2026-09-28
FUNDACION ESCENICA CALI TEATRO - CRA 12 # 4 - 51,TEATRO,0.95,150,17,2026-09-24,reglas_heuristicas,,v2,2026-09-28
CAFE INTERNET - BOGOTA,RESTAURANTE,0.98,50,18,2026-09-24,revision_humana,,v2,2026-09-28
TEATRO HILOS MAGICOS,TEATRO,0.95,150,18,2026-09-24,reglas_heuristicas,,v2,2026-09-28
ESTACION METRO LA ESTRELLA,OTROS_RECINTOS,0.98,460,3,2026-09-24,revision_humana,,v2,2026-09-28
ESTADIO JARAGUAY,ESTADIO,0.98,7500,3,2026-09-24,revision_humana,,v2,2026-09-28
CENTRO DE EVENTOS CENFER,OTROS_RECINTOS,0.98,9803,4,2026-09-24,revision_humana,,v2,2026-09-28
LABORARTORIO 1 Y 2,OTROS_RECINTOS,0.98,50,18,2026-09-24,revision_humana,,v2,2026-09-28
PARQUE METROPOLITANO SIMON BOLIVAR,PARQUE,0.98,19181,4,2026-09-24,revision_humana,,v2,2026-09-28
TEATRO LIBRE CENTRO,TEATRO,0.95,170,17,2026-09-24,reglas_heuristicas,,v2,2026-09-28
CARRERA 50 BARRANQUILLA,PARQUE,0.98,15000,16,2026-09-24,revision_humana,,v2,2026-09-28
TEATRO LA CANDELARIA,TEATRO,0.95,200,16,2026-09-24,reglas_heuristicas,,v2,2026-09-28
CENTRO DE EVENTOS AUTOPISTA NORTE,OTROS_RECINTOS,0.98,6180,2,2026-09-24,revision_humana,,v2,2026-09-28
HOTEL ATOLON BEACH CLUB,RESTAURANTE,0.915,6000,2,2026-09-24,reglas_heuristicas,,v2,2026-09-28
CARPA AMERICAS CORFERIAS,OTROS_RECINTOS,0.98,6620,2,2026-09-24,revision_humana,,v2,2026-09-28
COUNTRY CLUB DE BOGOTA - CL 127C #15-2,RESTAURANTE,0.915,1144,3,2026-09-24,reglas_heuristicas,,v2,2026-09-28
TEATRO LAS BETHLEMITAS - CARRERA 43 # 17 A 34,TEATRO,0.95,1477,6,2026-09-24,reglas_heuristicas,,v2,2026-09-28
POLIDEPORTIVO SUR DE ENVIGADO - FERIA DE FLORES 2024,PARQUE,0.9,21873,1,2026-09-24,reglas_heuristicas,,v2,2026-09-28
TEATRO LYCEE FRANÇAIS LOUIS PASTEUR - BOGOTA,TEATRO,0.95,236,15,2026-09-24,reglas_heuristicas,,v2,2026-09-28
ESTADIO HERNAN RAMIREZ VILLEGAS,ESTADIO,0.98,40124,1,2026-09-24,revision_humana,,v2,2026-09-28
COLISEO BERNARDO CARABALLO,COLISEO,0.91,600,14,2026-09-24,reglas_heuristicas,,v2,2026-09-28
ESTADIO SIERRA NEVADA,ESTADIO,0.98,20222,1,2026-09-24,revision_humana,,v2,2026-09-28
CENTRO CULTURAL GIMNASIO MODERNO,TEATRO,0.98,586,8,2026-09-24,revision_humana,,v2,2026-09-28
MUNDO AVENTURA,PARQUE,0.98,5181,2,2026-09-24,revision_humana,,v2,2026-09-28
"TEATRO EL ENSUEO - TV 70 D # 60 - 90 SUR, BOGOTA (GA)",TEATRO,0.98,1100,7,2026-09-24,revision_humana,,v2,2026-09-28
CLUB COMFAMILIAR LOS LAGOS,RESTAURANTE,0.915,10204,2,2026-09-24,reglas_heuristicas,,v2,2026-09-28
EXPOFUTURO - PEREIRA,OTROS_RECINTOS,0.98,4920,5,2026-09-24,revision_humana,,v2,2026-09-28
ESTADIO FRANCISCO RIVERA ESCOBAR - PALMIRA,ESTADIO,0.98,12538,3,2026-09-24,revision_humana,,v2,2026-09-28
CITY HALL EL RODEO - MEDELLIN,OTROS_RECINTOS,0.925,3900,3,2026-09-24,reglas_heuristicas,,v2,2026-09-28
ESTADIO DE BEISBOL LA ESPERANZA,ESTADIO,0.98,9593,1,2026-09-24,revision_humana,,v2,2026-09-28
CITY HALL - PAUL VAN DYK MEDELLIN,OTROS_RECINTOS,0.925,3910,2,2026-09-24,reglas_heuristicas,,v2,2026-09-28
CENTRO NACIONAL DE LAS ARTES - SALA TERESITA GOMEZ,TEATRO,0.98,120,12,2026-09-24,revision_humana,,v2,2026-09-28
AUTODROMO DE TOCANCIPA,PARQUE,0.98,15000,6,2026-09-24,revision_humana,,v2,2026-09-28
AUDITORIO PALACIO DE LA PROCLAMACION,OTROS_RECINTOS,0.93,250,3,2026-09-24,reglas_heuristicas,,v2,2026-09-28
PLAZA DE TOROS CAAVERALEJO - CALI,PARQUE,0.895,7340,1,2026-09-24,reglas_heuristicas,,v2,2026-09-28
MALECON - CALLE 72,PARQUE,0.895,1997,3,2026-09-24,reglas_heuristicas,,v2,2026-09-28
SKYCENTER CENTRO DE EVENTOS - MEDELLIN,OTROS_RECINTOS,0.925,2800,3,2026-09-24,reglas_heuristicas,,v2,2026-09-28
TEATRO GUILLERMO MATERON - PALMIRA,TEATRO,0.95,401,3,2026-09-24,reglas_heuristicas,,v2,2026-09-28
PLAZA DE TOROS MARRUECOS PUENTE DE PIEDRA,PARQUE,0.895,2526,1,2026-09-24,reglas_heuristicas,,v2,2026-09-28
TEATRO CAJAMAG - CLL 23 # 7 78 SANTA MARTA,TEATRO,0.95,834,3,2026-09-24,reglas_heuristicas,,v2,2026-09-28
BAR BABA YAGA TASCA - BUCARAMANGA,RESTAURANTE,0.915,120,12,2026-09-24,reglas_heuristicas,,v2,2026-09-28
LOURDES MUSIC HALL  - BOGOTA,RESTAURANTE,0.98,2848,4,2026-09-24,revision_humana,,v2,2026-09-28
PARQUE NORTE - CANCHA CINCUENTENARIO (UNIDAD DEP),PARQUE,0.98,11000,1,2026-09-24,revision_humana,,v2,2026-09-28
TEATRO QUIMERA,TEATRO,0.95,100,10,2026-09-24,reglas_heuristicas,,v2,2026-09-28
UNIVERSIDAD EAN - CARRERA 11 # 78-47,OTROS_RECINTOS,0.98,4800,5,2026-09-24,revision_humana,,v2,2026-09-28
AUDITORIO MARIO LASERNA - U LOS ANDES,OTROS_RECINTOS,0.93,492,5,2026-09-24,reglas_heuristicas,,v2,2026-09-28
AUDITORIO UNIVERSIDAD EAN,OTROS_RECINTOS,0.93,503,10,2026-09-24,reglas_heuristicas,,v2,2026-09-28
AUDITORIO MUNICIPAL DE MOSQUERA,OTROS_RECINTOS,0.93,686,4,2026-09-24,reglas_heuristicas,,v2,2026-09-28
TEATRO JORGE ARANGO TAMAYO - CHIA,TEATRO,0.95,1199,5,2026-09-24,reglas_heuristicas,,v2,2026-09-28
TEATRO BERNARDO ROMERO LOZANO,TEATRO,0.95,125,10,2026-09-24,reglas_heuristicas,,v2,2026-09-28
PLAZA DE TOROS - BUCARAMANGA,PARQUE,0.895,15200,1,2026-09-24,reglas_heuristicas,,v2,2026-09-28
ESTADIO HERMIDES PADILLA,ESTADIO,0.98,10390,1,2026-09-24,revision_humana,,v2,2026-09-28
TEATRO ASTOR PLAZA 2,TEATRO,0.98,42,10,2026-09-24,revision_humana,,v2,2026-09-28
VIA 40 (34-39),PARQUE,0.9,2785,9,2026-09-24,reglas_heuristicas,,v2,2026-09-28
VIA 40 (27-28),PARQUE,0.9,1201,9,2026-09-24,reglas_heuristicas,,v2,2026-09-28
VIA 40 (29-31),PARQUE,0.9,1394,9,2026-09-24,reglas_heuristicas,,v2,2026-09-28
VIA 40 (3-4),PARQUE,0.9,1201,9,2026-09-24,reglas_heuristicas,,v2,2026-09-28
VIA 40 (32-33),PARQUE,0.9,1201,9,2026-09-24,reglas_heuristicas,,v2,2026-09-28
VIA 40 (25-26),PARQUE,0.9,1201,9,2026-09-24,reglas_heuristicas,,v2,2026-09-28
VIA 40 (21-22),PARQUE,0.9,1201,9,2026-09-24,reglas_heuristicas,,v2,2026-09-28
VIA 40 (19-20),PARQUE,0.9,1201,9,2026-09-24,reglas_heuristicas,,v2,2026-09-28
VIA 40 (14),PARQUE,0.9,601,9,2026-09-24,reglas_heuristicas,,v2,2026-09-28
VIA 40 (23-24),PARQUE,0.9,1201,9,2026-09-24,reglas_heuristicas,,v2,2026-09-28
VIA 40 (12-13),PARQUE,0.9,1441,9,2026-09-24,reglas_heuristicas,,v2,2026-09-28
VIA 40 (17-18),PARQUE,0.9,1215,9,2026-09-24,reglas_heuristicas,,v2,2026-09-28
CASA AMARILLA - CENTRO DE EVENTOS,OTROS_RECINTOS,0.925,2520,1,2026-09-24,reglas_heuristicas,,v2,2026-09-28
PARQUE DE EVENTOS - LA INDEPENDENCIA,PARQUE,0.98,25860,1,2026-09-24,revision_humana,,v2,2026-09-28
JARDIN BOTANICO - MOR PRIDE,PARQUE,0.895,11100,3,2026-09-24,reglas_heuristicas,,v2,2026-09-28
"FENIX BEACH CLUB, TIERRA  BOMBA",RESTAURANTE,0.915,400,4,2026-09-24,reglas_heuristicas,,v2,2026-09-28
VIA 40 MINI PALCOS,PARQUE,0.9,5549,9,2026-09-24,reglas_heuristicas,,v2,2026-09-28
VIA 40 TRONCO DE PALCO,PARQUE,0.9,1561,9,2026-09-24,reglas_heuristicas,,v2,2026-09-28
VIA 40 GARABATO,PARQUE,0.9,1201,9,2026-09-24,reglas_heuristicas,,v2,2026-09-28
VIA 40 CUMBIA,PARQUE,0.9,1201,9,2026-09-24,reglas_heuristicas,,v2,2026-09-28
VIA 40 (9),PARQUE,0.9,319,9,2026-09-24,reglas_heuristicas,,v2,2026-09-28
VIA 40 - (41),PARQUE,0.9,1201,9,2026-09-24,reglas_heuristicas,,v2,2026-09-28
VIA 40 (10-11),PARQUE,0.9,1441,9,2026-09-24,reglas_heuristicas,,v2,2026-09-28
AUDITORIO LUIS A CALVO,OTROS_RECINTOS,0.93,989,4,2026-09-24,reglas_heuristicas,,v2,2026-09-28
CENTRO DE CONVENCIONES G12,OTROS_RECINTOS,0.98,10000,8,2026-09-24,revision_humana,,v2,2026-09-28
CIUDAD DEL RIO - DETRAS DEL MUSEO DE ARTE MODERNO,MUSEO,0.935,2000,8,2026-09-24,reglas_heuristicas,,v2,2026-09-28
TEATRO MALDONADO,TEATRO,0.95,985,4,2026-09-24,reglas_heuristicas,,v2,2026-09-28
PABELLON DE CRISTAL - GRAN MALECON,OTROS_RECINTOS,0.98,1000,8,2026-09-24,revision_humana,,v2,2026-09-28
CANTINA LA 70 - CRA 70 #44B - 76 (MEDELLIN),RESTAURANTE,0.98,150,8,2026-09-24,revision_humana,,v2,2026-09-28
"PEQUEO TEATRO DE MEDELLIN, SALA RODRIGO SALDARRIAGA",TEATRO,0.95,390,4,2026-09-24,reglas_heuristicas,,v2,2026-09-28
TEATRO ZULIMA,TEATRO,0.95,704,6,2026-09-24,reglas_heuristicas,,v2,2026-09-28
COLISEO BICENTENARIO - BUCARAMANGA,COLISEO,0.98,6000,8,2026-09-24,revision_humana,,v2,2026-09-28
AVCHILACOS - PARQUE DEL CONSEJO,PARQUE,0.895,504,2,2026-09-24,reglas_heuristicas,,v2,2026-09-28
CITY HALL EL RODEO,OTROS_RECINTOS,0.925,50000,2,2026-09-24,reglas_heuristicas,,v2,2026-09-28
CASA DEL TEATRO NACIONAL,TEATRO,0.95,150,7,2026-09-24,reglas_heuristicas,,v2,2026-09-28
JARDIN BOTANICO ORQUIDEORAMA - ANOTR,PARQUE,0.98,15000,1,2026-09-24,revision_humana,,v2,2026-09-28
TEATRO SARMIENTO - CLL 27 # 23- 32 CENTRO TULUA,TEATRO,0.95,1177,1,2026-09-24,reglas_heuristicas,,v2,2026-09-28
TEATRO SANTA MARTA - CL 16 #5 - 10,TEATRO,0.95,804,4,2026-09-24,reglas_heuristicas,,v2,2026-09-28
LA SINAGOGA DEL TEATRO NACIONAL,TEATRO,0.95,60,6,2026-09-24,reglas_heuristicas,,v2,2026-09-28
TRANSPORTE LEGACY TOUR,OTROS_RECINTOS,0.98,900,2,2026-09-24,revision_humana,,v2,2026-09-28
INDIGO - MOVISTAR ARENA,ARENA,0.98,50,6,2026-09-24,revision_humana,,v2,2026-09-28
CLUB SOCIAL VALLEDUPAR,RESTAURANTE,0.915,1600,6,2026-09-24,reglas_heuristicas,,v2,2026-09-28
TEATRO EL GALPON UNIVERSIDAD DE CALDAS,TEATRO,0.95,100,6,2026-09-24,reglas_heuristicas,,v2,2026-09-28
COLISEO LAS BETHLEMITAS - CARRERA 13 #24-12,COLISEO,0.91,1700,2,2026-09-24,reglas_heuristicas,,v2,2026-09-28
"SAFARI DISCO CLUB, AV SANTANDER #63 - 122, MANIZALES",RESTAURANTE,0.98,754,2,2026-09-24,revision_humana,,v2,2026-09-28
CALLE 13 BAR -  BOGOTA,RESTAURANTE,0.915,760,1,2026-09-24,reglas_heuristicas,,v2,2026-09-28
COUNTRY CLUB BARRANQUILLA,RESTAURANTE,0.915,2480,1,2026-09-24,reglas_heuristicas,,v2,2026-09-28
AUDITORIO TEATRO COMPENSAR AV 68,TEATRO,0.95,250,5,2026-09-24,reglas_heuristicas,,v2,2026-09-28
CITY HALL EL RODEO - DRUMCODE,OTROS_RECINTOS,0.925,3654,1,2026-09-24,reglas_heuristicas,,v2,2026-09-28
ESTADIO DE FUTBOL - INMACULADA CONCEPCION,ESTADIO,0.98,5874,1,2026-09-24,revision_humana,,v2,2026-09-28
AUDITORIO CASA DE LA CULTURA - CRA 2 NO 2-40 (SOPO),OTROS_RECINTOS,0.93,180,5,2026-09-24,reglas_heuristicas,,v2,2026-09-28
PLAZA DE TOROS DE MANIZALES,PARQUE,0.895,8700,1,2026-09-24,reglas_heuristicas,,v2,2026-09-28
ESTADIO MUNICIPAL DE VILLETA,ESTADIO,0.98,194,1,2026-09-24,revision_humana,,v2,2026-09-28
BUTACO BAR,RESTAURANTE,0.915,50,5,2026-09-24,reglas_heuristicas,,v2,2026-09-28
TEATRO CRUZ ROJA - ARMENIA,TEATRO,0.95,493,5,2026-09-24,reglas_heuristicas,,v2,2026-09-28
EL SOL CENTRO DE EVENTOS,OTROS_RECINTOS,0.925,761,1,2026-09-24,reglas_heuristicas,,v2,2026-09-28
TEATRO JUAN PABLO GONZALEZ POMBO - BOGOTA,TEATRO,0.95,535,1,2026-09-24,reglas_heuristicas,,v2,2026-09-28
TEATRO EL ENSUEO,TEATRO,0.95,719,3,2026-09-24,reglas_heuristicas,,v2,2026-09-28
COLISEO MAYOR DE IBAGUE,COLISEO,0.98,7151,1,2026-09-24,revision_humana,,v2,2026-09-28
SALON ESPEJOS TEATRO JORGE ELIECER GAITAN,TEATRO,0.98,25,5,2026-09-24,revision_humana,,v2,2026-09-28
DISCO MOVISTAR ARENA,RESTAURANTE,0.98,1000,4,2026-09-24,revision_humana,,v2,2026-09-28
AUDITORIO SAN AGUSTIN - BOGOTA,OTROS_RECINTOS,0.93,1025,2,2026-09-24,reglas_heuristicas,,v2,2026-09-28
CENTRO DE EVENTOS AUTOPISTA SUR - BOGOTA,OTROS_RECINTOS,0.925,917,1,2026-09-24,reglas_heuristicas,,v2,2026-09-28
TEATRO MUSEO DEL ARTE - PEREIRA,MUSEO,0.95,330,4,2026-09-24,reglas_heuristicas,,v2,2026-09-28
VITA CENTRO DE EVENTOS,OTROS_RECINTOS,0.925,300,4,2026-09-24,reglas_heuristicas,,v2,2026-09-28
CLUB BELLAVISTA COLSUBSIDIO,RESTAURANTE,0.915,3000,2,2026-09-24,reglas_heuristicas,,v2,2026-09-28
COLISEO MEDPLUS,COLISEO,0.98,650,1,2026-09-24,revision_humana,,v2,2026-09-28
TEATRO COLEGIO SAN FELIPE NERI - PASTO,TEATRO,0.95,1126,2,2026-09-24,reglas_heuristicas,,v2,2026-09-28
TEATRINO MUNICIPAL  ENRIQUE BUENAVENTURA,TEATRO,0.95,206,4,2026-09-24,reglas_heuristicas,,v2,2026-09-28
SALON JUMBO COUNTRY CLUB,RESTAURANTE,0.915,1747,2,2026-09-24,reglas_heuristicas,,v2,2026-09-28
TEATRO ESTUDIO QUINTA PORRA,TEATRO,0.95,80,4,2026-09-24,reglas_heuristicas,,v2,2026-09-28
PUERTA DE ORO BARRANQUILLA - LA EXPLANADA,OTROS_RECINTOS,0.98,5550,1,2026-09-24,revision_humana,,v2,2026-09-28
PUERTA DE ORO BARRANQUILLA,OTROS_RECINTOS,0.98,6780,1,2026-09-24,revision_humana,,v2,2026-09-28
PARQUE DE LA 93,PARQUE,0.98,240,1,2026-09-24,revision_humana,,v2,2026-09-28
PARQUE MUSEO EL CHICO,MUSEO,0.98,6000,3,2026-09-24,revision_humana,,v2,2026-09-28
LA CUADRA PARED GASTRO BAR - CALLE 44 # 50-28,RESTAURANTE,0.915,80,4,2026-09-24,reglas_heuristicas,,v2,2026-09-28
DIAMANTE DE SOFTBOL,ESTADIO,0.98,6624,1,2026-09-24,revision_humana,,v2,2026-09-28
LAS PALMAS CENTRO DE EVENTOS,OTROS_RECINTOS,0.925,1068,1,2026-09-24,reglas_heuristicas,,v2,2026-09-28
AUDITORIO DE LA FUNDACION BATUTA CALDAS - MANIZALES,OTROS_RECINTOS,0.93,250,4,2026-09-24,reglas_heuristicas,,v2,2026-09-28
AUDITORIO CAMARA DE COMERCIO SOGAMOSO,OTROS_RECINTOS,0.93,466,3,2026-09-24,reglas_heuristicas,,v2,2026-09-28
TEATRO SANTAFE - BOGOTA,TEATRO,0.95,356,1,2026-09-24,reglas_heuristicas,,v2,2026-09-28
MOYS RESTAURANTE BAR,RESTAURANTE,0.98,525,2,2026-09-24,revision_humana,,v2,2026-09-28
CINARUCO BAR - CRA 14 NO 24A -15 - YOPAL,RESTAURANTE,0.98,300,3,2026-09-24,revision_humana,,v2,2026-09-28
KABALA BAR - MANIZALES,RESTAURANTE,0.98,100,3,2026-09-24,revision_humana,,v2,2026-09-28
PARQUE RECREATIVO COMFENALCO GUAYABAL,PARQUE,0.895,8000,3,2026-09-24,reglas_heuristicas,,v2,2026-09-28
PARQUE EL NOGAL,PARQUE,0.895,2000,3,2026-09-24,reglas_heuristicas,,v2,2026-09-28
"TEATRO BELARTE - CRA 7 #152- 54, BOGOTA",TEATRO,0.95,239,1,2026-09-24,reglas_heuristicas,,v2,2026-09-28
AUDITORIO ZEA MAYZ - CRA 7 # 15- 51 CHIA,OTROS_RECINTOS,0.93,720,2,2026-09-24,reglas_heuristicas,,v2,2026-09-28
TEATRO ECCI,TEATRO,0.95,609,1,2026-09-24,reglas_heuristicas,,v2,2026-09-28
AUDITORIO SKANDIA,OTROS_RECINTOS,0.93,248,1,2026-09-24,reglas_heuristicas,,v2,2026-09-28
AUDITORIO MARIE POUSSEPIN,OTROS_RECINTOS,0.93,878,3,2026-09-24,reglas_heuristicas,,v2,2026-09-28
CLUB DE LOS ASADOS - FINCA DE RIGO,RESTAURANTE,0.915,402,1,2026-09-24,reglas_heuristicas,,v2,2026-09-28
FUNDACION ESCENICA CALI TEATRO,TEATRO,0.95,150,3,2026-09-24,reglas_heuristicas,,v2,2026-09-28
TEATRO IMPERIAL  CRA 26 NO 14 - 59  PASTO,TEATRO,0.95,518,2,2026-09-24,reglas_heuristicas,,v2,2026-09-28
COLISEO ARENA DE SAL,COLISEO,0.91,2306,1,2026-09-24,reglas_heuristicas,,v2,2026-09-28
"COPA AMERICA - LEVI’S STADIUM, SANTA CLARA, CALIFORNIA",ESTADIO,0.95,100,1,2026-09-24,reglas_heuristicas,,v2,2026-09-28
TEATRO LA MASCARA - CRA 10 # 3-40,TEATRO,0.95,103,3,2026-09-24,reglas_heuristicas,,v2,2026-09-28
TEATRO LAURELES,TEATRO,0.95,242,3,2026-09-24,reglas_heuristicas,,v2,2026-09-28
TEATRO LA SALA,TEATRO,0.95,120,3,2026-09-24,reglas_heuristicas,,v2,2026-09-28
CLUB CAMPESTRE DE VALLEDUPAR,RESTAURANTE,0.915,1200,3,2026-09-24,reglas_heuristicas,,v2,2026-09-28
AUDITORIO UNIVERSIDAD SANTO TOMAS,OTROS_RECINTOS,0.93,446,1,2026-09-24,reglas_heuristicas,,v2,2026-09-28
TEATRO MEXICO - CL 22 #5-85 BOGOTA,TEATRO,0.95,1286,1,2026-09-24,reglas_heuristicas,,v2,2026-09-28
PARQUE LA MARINA,PARQUE,0.895,2000,2,2026-09-24,reglas_heuristicas,,v2,2026-09-28
TEATRO MUNICIPAL SUA,TEATRO,0.95,447,1,2026-09-24,reglas_heuristicas,,v2,2026-09-28
AUDITORIO UIS SEDE BARBOSA,OTROS_RECINTOS,0.93,232,2,2026-09-24,reglas_heuristicas,,v2,2026-09-28
ESTADIO METROPOLITANO CIUDAD DE ITAGNI,ESTADIO,0.98,7600,1,2026-09-24,revision_humana,,v2,2026-09-28
AUDITORIO MAYOR CARLOS GOMEZ ALBARRACIN - B/MANGA,OTROS_RECINTOS,0.93,780,2,2026-09-24,reglas_heuristicas,,v2,2026-09-28
TEATRO JUAN DE DIOS ARANZAZU - LA CEJA,TEATRO,0.95,484,1,2026-09-24,reglas_heuristicas,,v2,2026-09-28
MALECON TURISTICO RIO MAGDALENA,PARQUE,0.895,550,1,2026-09-24,reglas_heuristicas,,v2,2026-09-28
KRUDA DISCO BAR - CRA 56 4B 57,RESTAURANTE,0.915,152,1,2026-09-24,reglas_heuristicas,,v2,2026-09-28
CASA DEL CARNAVAL & VIA 40,PARQUE,0.9,500,2,2026-09-24,reglas_heuristicas,,v2,2026-09-28
TEATRO BELARTE - AG,TEATRO,0.95,189,1,2026-09-24,reglas_heuristicas,,v2,2026-09-28
TEATRO CASA DE LA CULTURA CHINCHINA - CALDAS,TEATRO,0.95,170,2,2026-09-24,reglas_heuristicas,,v2,2026-09-28
CENTRO DE CONVENCIONES META HOTEL GHL,OTROS_RECINTOS,0.855,1000,1,2026-09-24,reglas_heuristicas,,v2,2026-09-28
AUDITORIO MAYOR UNAB AV 42 NO 48-11 - B/MANGA,OTROS_RECINTOS,0.93,796,2,2026-09-24,reglas_heuristicas,,v2,2026-09-28
AUDITORIO HOTEL BACHUE,OTROS_RECINTOS,0.93,216,2,2026-09-24,reglas_heuristicas,,v2,2026-09-28
TEATRO TEOFILO CARVAJAL POLANIA - CLL 7 NO 6A - 65,TEATRO,0.95,160,2,2026-09-24,reglas_heuristicas,,v2,2026-09-28
TEATRO UNIVERSIDAD CES,TEATRO,0.95,503,1,2026-09-24,reglas_heuristicas,,v2,2026-09-28
VIA 40,PARQUE,0.9,181,2,2026-09-24,reglas_heuristicas,,v2,2026-09-28
AUDITORIO LUCY TEJADA,OTROS_RECINTOS,0.93,392,1,2026-09-24,reglas_heuristicas,,v2,2026-09-28
CASA TEATRO EL POBLADO,TEATRO,0.95,200,2,2026-09-24,reglas_heuristicas,,v2,2026-09-28
AUDITORIO SOMOS CREADORES,OTROS_RECINTOS,0.93,1000,2,2026-09-24,reglas_heuristicas,,v2,2026-09-28
UNIVERSIDAD DE IBAGUE,OTROS_RECINTOS,0.98,300,2,2026-09-24,revision_humana,,v2,2026-09-28
AUDITORIO ANTON KRAUS - COLEGIO ANDINO,OTROS_RECINTOS,0.93,850,2,2026-09-24,reglas_heuristicas,,v2,2026-09-28
AUDITORIO UNIVERSIDAD DE MEDELLIN,OTROS_RECINTOS,0.93,150,2,2026-09-24,reglas_heuristicas,,v2,2026-09-28
AUDITORIO  COMITE DE GANADEROS DE LA DORADA,OTROS_RECINTOS,0.93,170,2,2026-09-24,reglas_heuristicas,,v2,2026-09-28
TEATRO BERRIO - SANTA ROSA DE OSOS,TEATRO,0.95,318,2,2026-09-24,reglas_heuristicas,,v2,2026-09-28
TEATRO DEL PRESAGIO - CALI,TEATRO,0.95,200,2,2026-09-24,reglas_heuristicas,,v2,2026-09-28
440 MUSIC HALL,RESTAURANTE,0.98,785,1,2026-09-24,revision_humana,,v2,2026-09-28
AUDITORIO LUIS MARTIN MANCIPE DE CULTURAMA | DUITAMA,OTROS_RECINTOS,0.93,365,2,2026-09-24,reglas_heuristicas,,v2,2026-09-28
CAMARA DE COMERCIO DE CASANARE - AUDITORIO QUIRIPA,OTROS_RECINTOS,0.93,656,1,2026-09-24,reglas_heuristicas,,v2,2026-09-28
MONASTERY CLUB,RESTAURANTE,0.98,380,1,2026-09-24,revision_humana,,v2,2026-09-28
CAMARA DE COMERCIO  DUITAMA: CENTRO DE EVENTOS Y NEGOCIOS,OTROS_RECINTOS,0.925,900,1,2026-09-24,reglas_heuristicas,,v2,2026-09-28
"CINE COLOMBO, MEDELLIN",CINEMATECA,0.98,160,1,2026-09-24,revision_humana,,v2,2026-09-28
CENTRO NACIONAL DE LAS ARTES - SALA FOYER CLL10 NO 5-32,TEATRO,0.98,100,1,2026-09-24,revision_humana,,v2,2026-09-28
PARQUE DE LOS PIES DESCALZOS,PARQUE,0.895,1000,1,2026-09-24,reglas_heuristicas,,v2,2026-09-28
PARQUE EL COUNTRY,PARQUE,0.895,800,1,2026-09-24,reglas_heuristicas,,v2,2026-09-28
IDILIO BAR,RESTAURANTE,0.915,80,1,2026-09-24,reglas_heuristicas,,v2,2026-09-28
AUDITORIO CINEMA CASANARE - CLL9 #23-33 (YOPAL),OTROS_RECINTOS,0.93,300,1,2026-09-24,reglas_heuristicas,,v2,2026-09-28
AUDITORIO HOTEL WAYRA DG 15 NO 21-10 (ACACIAS),OTROS_RECINTOS,0.93,180,1,2026-09-24,reglas_heuristicas,,v2,2026-09-28
AUDITORIO GONZALO PRADA MANTIL,OTROS_RECINTOS,0.93,382,1,2026-09-24,reglas_heuristicas,,v2,2026-09-28
AUDITORIO COPACABANA - CALLE 49 # 57A -47,OTROS_RECINTOS,0.93,130,1,2026-09-24,reglas_heuristicas,,v2,2026-09-28
LA MEDIA TORTA,PARQUE,0.98,2004,1,2026-09-24,revision_humana,,v2,2026-09-28
ESTADIO DITAIRES,ESTADIO,0.98,3000,1,2026-09-24,revision_humana,,v2,2026-09-28
AUDITORIO CEG,OTROS_RECINTOS,0.93,700,1,2026-09-24,reglas_heuristicas,,v2,2026-09-28
TEATRO UNION HONDA TOLIMA,TEATRO,0.95,300,1,2026-09-24,reglas_heuristicas,,v2,2026-09-28
TEATRO PUNTO DE PARTIDA,TEATRO,0.95,30,1,2026-09-24,reglas_heuristicas,,v2,2026-09-28
TEATRO TEB - TUNJA,TEATRO,0.95,115,1,2026-09-24,reglas_heuristicas,,v2,2026-09-28
UNIVERSIDAD INDUSTRIAL DE SANTANDER,OTROS_RECINTOS,0.98,203,1,2026-09-24,revision_humana,,v2,2026-09-28
AUDITORIO CAMARA DE COMERCIO DE IPIALES,OTROS_RECINTOS,0.93,200,1,2026-09-24,reglas_heuristicas,,v2,2026-09-28
AUDITORIO CAMARA DE COMERCIO  CARTAGO,OTROS_RECINTOS,0.93,270,1,2026-09-24,reglas_heuristicas,,v2,2026-09-28
AUDITORIO CAMARA DE COMERCIO DE FLORENCIA,OTROS_RECINTOS,0.93,350,1,2026-09-24,reglas_heuristicas,,v2,2026-09-28
AUDITORIO CAMARA DE COMERCIO DEL CAUCA - QUILICHAO,OTROS_RECINTOS,0.93,160,1,2026-09-24,reglas_heuristicas,,v2,2026-09-28
CINEMATECA DE BOGOTA - CENTRO GRAL,CINEMATECA,0.935,30,1,2026-09-24,reglas_heuristicas,,v2,2026-09-28
AUDITORIO BIBLIOTECA GERMAN ARCINIEGAS - V/CENCIO,OTROS_RECINTOS,0.93,400,1,2026-09-24,reglas_heuristicas,,v2,2026-09-28
"AUDITORIO LAS GARZAS COLEGIO COFREM - ACACIAS, META",OTROS_RECINTOS,0.93,350,1,2026-09-24,reglas_heuristicas,,v2,2026-09-28
AUDITORIO CINEMA CASANARE - CLL 9 NO 22-75 (YOPAL),OTROS_RECINTOS,0.93,324,1,2026-09-24,reglas_heuristicas,,v2,2026-09-28
LULA SHOTS BAR - CALLE 84A # 14 A -4,RESTAURANTE,0.915,100,1,2026-09-24,reglas_heuristicas,,v2,2026-09-28
LOOP CLUB - TUNJA,RESTAURANTE,0.915,150,1,2026-09-24,reglas_heuristicas,,v2,2026-09-28
BAR LA TEQUILERA - FUSAGASUGA,RESTAURANTE,0.915,170,1,2026-09-24,reglas_heuristicas,,v2,2026-09-28
"AUDITORIO ZEA MAYZ - CRA 8 #16 54, CHIA",OTROS_RECINTOS,0.93,700,1,2026-09-24,reglas_heuristicas,,v2,2026-09-28
AVALON DISCO BAR CR2 N334	(ANAPOIMA),RESTAURANTE,0.915,180,1,2026-09-24,reglas_heuristicas,,v2,2026-09-28
TEATRO CINEMA - CALLE 6 # 13- 07 (BUGA),TEATRO,0.95,402,1,2026-09-24,reglas_heuristicas,,v2,2026-09-28
TEATRO DON JUAN DE MARIA MARULANDA,TEATRO,0.95,301,1,2026-09-24,reglas_heuristicas,,v2,2026-09-28
TEATRO EL ESCONDITE,TEATRO,0.95,90,1,2026-09-24,reglas_heuristicas,,v2,2026-09-28
TEATRO EL ESPACIO - CALLE 39A # 25 - 28,TEATRO,0.95,40,1,2026-09-24,reglas_heuristicas,,v2,2026-09-28
TEATRO CECILIA | PAMPLONA N/SANTANDER,TEATRO,0.95,303,1,2026-09-24,reglas_heuristicas,,v2,2026-09-28
TEATRO CENTRO CULTURAL VALERIO ANTONIO JIMENEZ,TEATRO,0.95,700,1,2026-09-24,reglas_heuristicas,,v2,2026-09-28
BIBLIOTECA NACIONAL DE COLOMBIA,MUSEO,0.98,8,1,2026-09-24,revision_humana,,v2,2026-09-28
BOGOTA (DIRECCION EXACTA SE COMPARTE TRAS INSCRIPCION),OTROS_RECINTOS,0.98,30,1,2026-09-24,revision_humana,,v2,2026-09-28
SALVIO PARQUE 93 HOTEL,PARQUE,0.895,100,1,2026-09-24,reglas_heuristicas,,v2,2026-09-28
TEATRO CASA DE LOS TITERES - CRA 9 # 4-55 COMUNA 3 - CALI,TEATRO,0.95,100,1,2026-09-24,reglas_heuristicas,,v2,2026-09-28
DOUBLETREE BY HILTON PARQUE 93,PARQUE,0.895,200,1,2026-09-24,reglas_heuristicas,,v2,2026-09-28
RESTAURANTE LA ZIMA,RESTAURANTE,0.915,250,1,2026-09-24,reglas_heuristicas,,v2,2026-09-28
"PROVINCIA  BAR -  CRA 7 #7-45, UBATE, CUNDINAMARCA",RESTAURANTE,0.915,100,1,2026-09-24,reglas_heuristicas,,v2,2026-09-28
PLAZA DE BOLIVAR,PARQUE,0.98,200,1,2026-09-24,revision_humana,,v2,2026-09-28
PLAZA DE LA PAZ,PARQUE,0.98,3758,1,2026-09-24,revision_humana,,v2,2026-09-28
PLAZA DE TOROS LA MONUMENTAL,PARQUE,0.895,8000,1,2026-09-24,reglas_heuristicas,,v2,2026-09-28
RESTAURANTE EL PORTICO - EL PORTICO KM 19 AUTOPISTA NORTE,RESTAURANTE,0.915,2500,1,2026-09-24,reglas_heuristicas,,v2,2026-09-28
RESTAURANTE BAR AMAZONICA VILLAVICENCIO,RESTAURANTE,0.915,100,1,2026-09-24,reglas_heuristicas,,v2,2026-09-28
"BARCELONA BAR, PORTAL DE CERRITOS",RESTAURANTE,0.915,84,1,2026-09-24,reglas_heuristicas,,v2,2026-09-28
"CLUB MEDELLIN, CALLE 50 # 43-65",RESTAURANTE,0.915,800,1,2026-09-24,reglas_heuristicas,,v2,2026-09-28
BAR REY LAGARTO CARRERA 29 #17-74 CENTRO,RESTAURANTE,0.915,150,1,2026-09-24,reglas_heuristicas,,v2,2026-09-28
"BAR SANTA FARRA - CL 17 #13 - 72, CENTRO-SUR",RESTAURANTE,0.915,100,1,2026-09-24,reglas_heuristicas,,v2,2026-09-28
FUNDACION AUTONOMA DE LA SALLE AUDITORIO,OTROS_RECINTOS,0.93,300,1,2026-09-24,reglas_heuristicas,,v2,2026-09-28
FROGG CLUB,RESTAURANTE,0.98,450,1,2026-09-24,revision_humana,,v2,2026-09-28
BAR LONDON BRIDGE PUB - CUCUTA,RESTAURANTE,0.915,74,1,2026-09-24,reglas_heuristicas,,v2,2026-09-28
TEATRO METROPOLITANO - ZONA ABIERTA,TEATRO,0.95,4000,1,2026-09-24,reglas_heuristicas,,v2,2026-09-28
"COPA AMERICA - NRG STADIUM, HOUSTON, TEXAS",ESTADIO,0.98,150,1,2026-09-24,revision_humana,,v2,2026-09-28
HOOKA CLUB  AVENIDA CIRCUNVALAR,RESTAURANTE,0.915,150,1,2026-09-24,reglas_heuristicas,,v2,2026-09-28
TEATRO MUNICIPAL GILDARDO TOVAR,TEATRO,0.95,300,1,2026-09-24,reglas_heuristicas,,v2,2026-09-28
CLUB CAMPESTRE DE IBAGUE,RESTAURANTE,0.915,300,1,2026-09-24,reglas_heuristicas,,v2,2026-09-28
FINAL COPA,OTROS_RECINTOS,0.98,1,1,2026-09-24,revision_humana,,v2,2026-09-28
AUDITORIO RAFAEL ARDILA DUARTE,OTROS_RECINTOS,0.93,340,1,2026-09-24,reglas_heuristicas,,v2,2026-09-28
TEATRO NOEMI GONZALEZ DE CORRALES- CASA DE LA CULTURA,TEATRO,0.95,175,1,2026-09-24,reglas_heuristicas,,v2,2026-09-28
AUDITORIO LUIS FELIPE VELEZ HERRERA - ADIDA CL 57 #42-70,OTROS_RECINTOS,0.93,660,1,2026-09-24,reglas_heuristicas,,v2,2026-09-28
AEROPARQUE JUAN PABLO SEGUNDO,PARQUE,0.98,4000,1,2026-09-24,revision_humana,,v2,2026-09-28
