site,propuesta_a,propuesta_b,confianza_media,aforo_max,funciones,motivo_revision,type_site_sugerido
BARRIO LAS FLORES TAJAMAR,OTROS_RECINTOS,OTROS_RECINTOS,0.575,3200,108,Baja confianza (< 0.85),OTROS_RECINTOS
CENTRO COMERCIAL SERREZUELA,OTROS_RECINTOS,OTROS_RECINTOS,0.575,556,14,Baja confianza (< 0.85),OTROS_RECINTOS
SALON AUDIOVISUAL,OTROS_RECINTOS,OTROS_RECINTOS,0.685,100,60,Baja confianza (< 0.85),OTROS_RECINTOS
LA GALLERA,OTROS_RECINTOS,OTROS_RECINTOS,0.575,300,44,Baja confianza (< 0.85),RESTAURANTE
AVENIDA BOYACA CLL 78- 80,OTROS_RECINTOS,PARQUE,0.745,1002,10,Desacuerdo entre pasadas,OTROS_RECINTOS
CAPILLA SANTA CLARA,OTROS_RECINTOS,OTROS_RECINTOS,0.725,300,14,Baja confianza (< 0.85),OTROS_RECINTOS
CENTRO COMERCIAL LOS MOLINOS,OTROS_RECINTOS,OTROS_RECINTOS,0.575,700,15,Baja confianza (< 0.85),OTROS_RECINTOS
LA CASA DEL OSO,RESTAURANTE,OTROS_RECINTOS,0.685,200,18,Desacuerdo entre pasadas,RESTAURANTE
CARRUSEL DEL RIO,OTROS_RECINTOS,OTROS_RECINTOS,0.625,4140,9,Desacuerdo entre pasadas,OTROS_RECINTOS
LOTE FRENDE AL HOMCENTER,OTROS_RECINTOS,OTROS_RECINTOS,0.575,300,4,Baja confianza (< 0.85),OTROS_RECINTOS
CAPILLA SANTA TERESA,OTROS_RECINTOS,OTROS_RECINTOS,0.785,216,4,Baja confianza (< 0.85),OTROS_RECINTOS
CIUDADELA CUARTA REVOLUCION Y TRANSFORMACION DEL APRENDIZAJE,OTROS_RECINTOS,OTROS_RECINTOS,0.575,400,16,Baja confianza (< 0.85),OTROS_RECINTOS
LE TIENDE - CARRERA 24 # 37-44 BOGOTA,OTROS_RECINTOS,PARQUE,0.805,70,14,Desacuerdo entre pasadas,RESTAURANTE
TUTAINA EJE CAFETERO - PEREIRA,OTROS_RECINTOS,OTROS_RECINTOS,0.685,150,12,Baja confianza (< 0.85),OTROS_RECINTOS
CINCUENTENARIO,OTROS_RECINTOS,OTROS_RECINTOS,0.69,10450,3,Baja confianza (< 0.85),OTROS_RECINTOS
SALA MARIA ISABEL MURILLO,OTROS_RECINTOS,OTROS_RECINTOS,0.6,70,12,Baja confianza (< 0.85),OTROS_RECINTOS
LAS TERRAZAS RIO LUNA,OTROS_RECINTOS,OTROS_RECINTOS,0.575,1089,2,Baja confianza (< 0.85),OTROS_RECINTOS
SALA BEETHOVEN - CALI,OTROS_RECINTOS,OTROS_RECINTOS,0.6,653,11,Baja confianza (< 0.85),OTROS_RECINTOS
SALA ANTONIO MARIA VALENCIA  - CALI,OTROS_RECINTOS,OTROS_RECINTOS,0.6,653,11,Baja confianza (< 0.85),OTROS_RECINTOS
PLAZA PRINCIPAL,OTROS_RECINTOS,PARQUE,0.745,650,2,Desacuerdo entre pasadas,PARQUE
FACULTAD DE ARTES – UNIVERSIDAD JAVERIANA,OTROS_RECINTOS,OTROS_RECINTOS,0.775,12,10,Desacuerdo entre pasadas,OTROS_RECINTOS
RUMBODROMO DE LA 22,OTROS_RECINTOS,OTROS_RECINTOS,0.69,8421,1,Baja confianza (< 0.85),RESTAURANTE
VILLA OLIMPICA - AGUSTIN CODAZZI,OTROS_RECINTOS,OTROS_RECINTOS,0.575,1800,1,Baja confianza (< 0.85),OTROS_RECINTOS
PATIO CENTRAL DEL CENTRO CULTURAL DEL ORIENTE,OTROS_RECINTOS,OTROS_RECINTOS,0.575,980,1,Baja confianza (< 0.85),OTROS_RECINTOS
ASDESILLA RIONEGRO,OTROS_RECINTOS,OTROS_RECINTOS,0.575,3588,3,Baja confianza (< 0.85),OTROS_RECINTOS
HOTEL DANN CARLTON MEDELLIN,OTROS_RECINTOS,OTROS_RECINTOS,0.79,350,8,Baja confianza (< 0.85),OTROS_RECINTOS
CENTRO CULTURAL METROPOLITANO DE CONVENCIONES - ARMENIA,OTROS_RECINTOS,OTROS_RECINTOS,0.74,1512,3,Desacuerdo entre pasadas,OTROS_RECINTOS
ESTACION DE SERVICIO SAN DIEGO,OTROS_RECINTOS,OTROS_RECINTOS,0.685,180,7,Baja confianza (< 0.85),OTROS_RECINTOS
HOTEL TEQUENDAMA - SUITES TEQUENDAMA,OTROS_RECINTOS,OTROS_RECINTOS,0.79,1000,6,Baja confianza (< 0.85),OTROS_RECINTOS
ITO RESTOBAR,RESTAURANTE,RESTAURANTE,0.575,1151,1,Baja confianza (< 0.85),RESTAURANTE
CENTRO DE DANZA - LA LICORERA,OTROS_RECINTOS,OTROS_RECINTOS,0.575,450,6,Baja confianza (< 0.85),OTROS_RECINTOS
IGLESIA DE SAN IGNACIO - BOGOTA,OTROS_RECINTOS,OTROS_RECINTOS,0.725,740,2,Baja confianza (< 0.85),OTROS_RECINTOS
FINCA LA BENDICION - SANTA ELENA,OTROS_RECINTOS,OTROS_RECINTOS,0.575,360,3,Baja confianza (< 0.85),OTROS_RECINTOS
FONDA TUTAINA -  POBLADO CALLE 10 # 43E – 72,RESTAURANTE,RESTAURANTE,0.9,100,6,Desacuerdo entre pasadas,RESTAURANTE
ROYAL HOUSE,OTROS_RECINTOS,OTROS_RECINTOS,0.575,1200,5,Baja confianza (< 0.85),OTROS_RECINTOS
CENTRO DE CONVENCIONES ''JULIO VILLAZON BAQUERO'',OTROS_RECINTOS,OTROS_RECINTOS,0.74,1209,1,Desacuerdo entre pasadas,OTROS_RECINTOS
BEETHOVEN-BELLAS ARTES - CALI,OTROS_RECINTOS,OTROS_RECINTOS,0.575,653,1,Baja confianza (< 0.85),OTROS_RECINTOS
CENTRO COMERCIAL PASEO VILLA DEL RIO,OTROS_RECINTOS,OTROS_RECINTOS,0.575,2495,1,Baja confianza (< 0.85),OTROS_RECINTOS
CATEDRAL DE BARRANQUILLA,OTROS_RECINTOS,OTROS_RECINTOS,0.725,1589,3,Baja confianza (< 0.85),OTROS_RECINTOS
ALUNA BEACH - SANTA MARTA,OTROS_RECINTOS,PARQUE,0.795,5150,1,Desacuerdo entre pasadas,PARQUE
DOUBLE TREE BY HILTON SALITRE,OTROS_RECINTOS,OTROS_RECINTOS,0.575,300,5,Baja confianza (< 0.85),OTROS_RECINTOS
ARENA LAS MEJORES PRODUCCIONES,ARENA,ARENA,0.75,2140,1,Desacuerdo entre pasadas,ARENA
HOTEL HILTON CARTAGENA,OTROS_RECINTOS,OTROS_RECINTOS,0.79,1350,1,Baja confianza (< 0.85),OTROS_RECINTOS
RIVANA BUSINESS PARK,OTROS_RECINTOS,OTROS_RECINTOS,0.685,100,3,Baja confianza (< 0.85),OTROS_RECINTOS
LA CENTRAL - CALI,OTROS_RECINTOS,OTROS_RECINTOS,0.685,81,4,Baja confianza (< 0.85),OTROS_RECINTOS
CASA BALI - ZONA E,OTROS_RECINTOS,OTROS_RECINTOS,0.575,1100,1,Baja confianza (< 0.85),OTROS_RECINTOS
MONUMENTO A LA MADRE TIERRA,OTROS_RECINTOS,OTROS_RECINTOS,0.575,2500,3,Baja confianza (< 0.85),OTROS_RECINTOS
SALA: TALLER DE LA IMAGEN,OTROS_RECINTOS,OTROS_RECINTOS,0.6,15,3,Baja confianza (< 0.85),OTROS_RECINTOS
AVCIRCUNVALAR,OTROS_RECINTOS,OTROS_RECINTOS,0.575,1000,3,Baja confianza (< 0.85),OTROS_RECINTOS
HOTEL GRAND GHL - CRA 39C #19C 15 VILLAVICENCIO,OTROS_RECINTOS,OTROS_RECINTOS,0.79,1000,2,Baja confianza (< 0.85),OTROS_RECINTOS
EL CUBO COLSUBSIDIO,OTROS_RECINTOS,OTROS_RECINTOS,0.575,624,1,Baja confianza (< 0.85),OTROS_RECINTOS
EL CAMPINCITO,OTROS_RECINTOS,OTROS_RECINTOS,0.69,14000,1,Baja confianza (< 0.85),PARQUE
CENTRO INTERACTIVO MALOKA,CINEMATECA,MUSEO,0.745,472,3,Desacuerdo entre pasadas,MUSEO
COLECTIVO TEATRAL INFINITO - CALI,TEATRO,TEATRO,0.685,65,3,Baja confianza (< 0.85),TEATRO
HACIENDA SAN RAFAEL,OTROS_RECINTOS,OTROS_RECINTOS,0.575,1000,3,Baja confianza (< 0.85),OTROS_RECINTOS
"HACIENDA FIZEBAD, EL RETIRO",OTROS_RECINTOS,OTROS_RECINTOS,0.575,1500,3,Baja confianza (< 0.85),OTROS_RECINTOS
CENTRO DE CONVENCIONES - CL 26 NTE #11-21,OTROS_RECINTOS,OTROS_RECINTOS,0.74,1200,1,Desacuerdo entre pasadas,OTROS_RECINTOS
CENTRO DE FELICIDAD SEDE CHAPINERO,OTROS_RECINTOS,OTROS_RECINTOS,0.685,12,3,Baja confianza (< 0.85),OTROS_RECINTOS
HANGAR PARK,OTROS_RECINTOS,OTROS_RECINTOS,0.69,7056,1,Baja confianza (< 0.85),OTROS_RECINTOS
HOTEL BARRANQUILLA PLAZA,OTROS_RECINTOS,PARQUE,0.845,300,2,Desacuerdo entre pasadas,PARQUE
PARQUE MANUEL MURILLO TORO,ESTADIO,PARQUE,0.92,1200,1,Desacuerdo entre pasadas,PARQUE
CENTRO COMERCIAL PLAZA CLARO,OTROS_RECINTOS,PARQUE,0.805,118,2,Desacuerdo entre pasadas,OTROS_RECINTOS
CENTRO CULTURAL HECTOR POLANIA SANCHEZ - PITALITO HUILA,OTROS_RECINTOS,OTROS_RECINTOS,0.685,160,2,Baja confianza (< 0.85),OTROS_RECINTOS
UNIVERSIDAD DISTRITAL - FACULTAD DE ARTES ASAB,OTROS_RECINTOS,OTROS_RECINTOS,0.775,20,2,Desacuerdo entre pasadas,OTROS_RECINTOS
COLEGIO BURECHE - KM 2 VIA GAIRA,OTROS_RECINTOS,OTROS_RECINTOS,0.715,700,2,Desacuerdo entre pasadas,OTROS_RECINTOS
EL GRAN CAFE - PEREIRA,RESTAURANTE,OTROS_RECINTOS,0.685,100,2,Desacuerdo entre pasadas,RESTAURANTE
EL TEMPLO DEL ROCK - CRA 44 #74-05 B/QUILLA,RESTAURANTE,RESTAURANTE,0.685,100,2,Baja confianza (< 0.85),RESTAURANTE
HYATT PLACE,OTROS_RECINTOS,OTROS_RECINTOS,0.685,96,2,Baja confianza (< 0.85),OTROS_RECINTOS
NEOMUNDO CENTRO EVENTOS Y CONVENCIONES,OTROS_RECINTOS,OTROS_RECINTOS,0.74,2000,2,Desacuerdo entre pasadas,OTROS_RECINTOS
PLATAFORMA ZOOM,OTROS_RECINTOS,OTROS_RECINTOS,0.685,50,2,Baja confianza (< 0.85),OTROS_RECINTOS
MEZCAL MEXICAN CANTINA - BOGOTA,RESTAURANTE,RESTAURANTE,0.575,500,1,Baja confianza (< 0.85),RESTAURANTE
MBS THEATER,TEATRO,TEATRO,0.575,880,1,Baja confianza (< 0.85),TEATRO
"CASA DE LA CULTURA ""LUCELLY GARCIA DE MONTOYA"" - CALARCA",OTROS_RECINTOS,OTROS_RECINTOS,0.575,320,2,Baja confianza (< 0.85),OTROS_RECINTOS
AVENIDA SANTANDER #59-10 - MANIZALES,OTROS_RECINTOS,PARQUE,0.805,100,2,Desacuerdo entre pasadas,PARQUE
BORO ROOM,OTROS_RECINTOS,OTROS_RECINTOS,0.575,700,2,Baja confianza (< 0.85),OTROS_RECINTOS
BARRIO FINO - CALLE 26 # 43G-30  MEDELLIN,OTROS_RECINTOS,PARQUE,0.805,150,2,Desacuerdo entre pasadas,OTROS_RECINTOS
PLAZOLETA CENTRO COMERCIAL GRAN ESTACION,OTROS_RECINTOS,OTROS_RECINTOS,0.635,220,2,Baja confianza (< 0.85),OTROS_RECINTOS
HOTEL OBELISCO CALI,OTROS_RECINTOS,OTROS_RECINTOS,0.79,10,2,Baja confianza (< 0.85),OTROS_RECINTOS
HOTEL LA FONTANA,OTROS_RECINTOS,OTROS_RECINTOS,0.79,115,2,Baja confianza (< 0.85),OTROS_RECINTOS
HOTEL DANN CARLTON,OTROS_RECINTOS,OTROS_RECINTOS,0.79,1400,2,Baja confianza (< 0.85),OTROS_RECINTOS
PLAZA CULTURAL SANTAMARIA,OTROS_RECINTOS,PARQUE,0.795,8000,2,Desacuerdo entre pasadas,PARQUE
GUITARRA & COFFEE - BARRIO LAURELES,OTROS_RECINTOS,OTROS_RECINTOS,0.685,90,2,Baja confianza (< 0.85),RESTAURANTE
CENTRO COMERCIAL MAYORCA,OTROS_RECINTOS,OTROS_RECINTOS,0.69,12000,1,Baja confianza (< 0.85),OTROS_RECINTOS
CASA PARAMO - PASTO,RESTAURANTE,OTROS_RECINTOS,0.685,70,2,Desacuerdo entre pasadas,RESTAURANTE
AVENIDA BOLIVAR #13N-07 - ARMENIA,OTROS_RECINTOS,PARQUE,0.805,80,2,Desacuerdo entre pasadas,PARQUE
"CARRERA 6 Nº 4-41 SEGUNDO PISO, VILLETA",OTROS_RECINTOS,PARQUE,0.805,150,1,Desacuerdo entre pasadas,OTROS_RECINTOS
CAMARA DE COMERCIO - CRA 12 NO 6-29B EL ROSARIO GARZON,OTROS_RECINTOS,OTROS_RECINTOS,0.685,200,1,Baja confianza (< 0.85),OTROS_RECINTOS
CALLE 42 # 1 - 02 TERRAZA COMEDY HOUSE - TUNJA,OTROS_RECINTOS,PARQUE,0.805,65,1,Desacuerdo entre pasadas,RESTAURANTE
CAPILLA DE LOS SANTO APOSTOLES DEL GIMNASIO MODERNO,OTROS_RECINTOS,OTROS_RECINTOS,0.785,280,1,Baja confianza (< 0.85),OTROS_RECINTOS
INCOLBALLET SEDE CENTRAL,OTROS_RECINTOS,OTROS_RECINTOS,0.575,500,1,Baja confianza (< 0.85),OTROS_RECINTOS
MUDDY´S ROCK CAFE - CALLE 33B # 40 - 68,RESTAURANTE,PARQUE,0.805,40,1,Desacuerdo entre pasadas,RESTAURANTE
MUNICIPAL MUSICA VIVA - BUCARAMANGA,OTROS_RECINTOS,OTROS_RECINTOS,0.685,150,1,Baja confianza (< 0.85),OTROS_RECINTOS
PANACA QUINDIO,OTROS_RECINTOS,OTROS_RECINTOS,0.69,10000,1,Baja confianza (< 0.85),PARQUE
MR BEEF - FUSAGASUGA,RESTAURANTE,RESTAURANTE,0.685,160,1,Baja confianza (< 0.85),RESTAURANTE
CAJACOPI PRADO,OTROS_RECINTOS,OTROS_RECINTOS,0.575,700,1,Baja confianza (< 0.85),OTROS_RECINTOS
JUANKA PUNTA DE ANCA - SOGAMOSO,RESTAURANTE,RESTAURANTE,0.685,190,1,Baja confianza (< 0.85),RESTAURANTE
CENTRO SOCIAL DE AGENTES Y PATRULLEROS,OTROS_RECINTOS,OTROS_RECINTOS,0.575,500,1,Baja confianza (< 0.85),OTROS_RECINTOS
KIMERA FOOD AND DRINKS,RESTAURANTE,RESTAURANTE,0.575,500,1,Baja confianza (< 0.85),RESTAURANTE
CENTRO COMERCIAL BAZAAR 80,OTROS_RECINTOS,OTROS_RECINTOS,0.685,130,1,Baja confianza (< 0.85),OTROS_RECINTOS
LA MILAGROSA - CALLE 8 #78-35 BARRIO CASTILLA,OTROS_RECINTOS,PARQUE,0.805,100,1,Desacuerdo entre pasadas,RESTAURANTE
LA SALITA,OTROS_RECINTOS,OTROS_RECINTOS,0.685,45,1,Baja confianza (< 0.85),OTROS_RECINTOS
LICEO FRANCES - CARRERA 8 NO 86 - 50,OTROS_RECINTOS,PARQUE,0.805,200,1,Desacuerdo entre pasadas,PARQUE
THE CHURCH MEDELLIN,OTROS_RECINTOS,OTROS_RECINTOS,0.575,1000,1,Baja confianza (< 0.85),OTROS_RECINTOS
TIENDA DE TOO GEEK,OTROS_RECINTOS,OTROS_RECINTOS,0.575,500,1,Baja confianza (< 0.85),OTROS_RECINTOS
"TONIKA VIP - CHAPARRAL, TOLIMA",OTROS_RECINTOS,OTROS_RECINTOS,0.575,300,1,Baja confianza (< 0.85),OTROS_RECINTOS
CASA EL ROSAL,OTROS_RECINTOS,OTROS_RECINTOS,0.575,600,1,Baja confianza (< 0.85),OTROS_RECINTOS
"LOS CAPACHOS - KM 4 VIA ACACIAS, 472 (VILLAVICENCIO)",RESTAURANTE,RESTAURANTE,0.575,450,1,Baja confianza (< 0.85),RESTAURANTE
CASA DANN CARLTON HOTEL - SALON BRITANIA CALLE 93B 19-44,OTROS_RECINTOS,PARQUE,0.845,690,1,Desacuerdo entre pasadas,OTROS_RECINTOS
CENTRO COMERCIAL EL TESORO,OTROS_RECINTOS,OTROS_RECINTOS,0.575,400,1,Baja confianza (< 0.85),OTROS_RECINTOS
EL GATO QUE LEE Y TOMA CAFE -  CALLE 70 11 48,RESTAURANTE,PARQUE,0.805,30,1,Desacuerdo entre pasadas,RESTAURANTE
AUTOPISTA NORTE #232-0 - EL PARCHE DE NAIRO,OTROS_RECINTOS,PARQUE,0.745,650,1,Desacuerdo entre pasadas,PARQUE
SEDE GABRIEL OCHOA URIBE (CASCAJAL),OTROS_RECINTOS,OTROS_RECINTOS,0.575,397,1,Baja confianza (< 0.85),OTROS_RECINTOS
SAN BONIFACIO,OTROS_RECINTOS,OTROS_RECINTOS,0.575,400,1,Baja confianza (< 0.85),OTROS_RECINTOS
BARRANQUILLA  CALLE 106 NO 50-11,OTROS_RECINTOS,PARQUE,0.805,200,1,Desacuerdo entre pasadas,OTROS_RECINTOS
CABARET ROSA,OTROS_RECINTOS,OTROS_RECINTOS,0.685,70,1,Baja confianza (< 0.85),RESTAURANTE
BORA BORA - CALLE 8 #19-32 - LA MESA,OTROS_RECINTOS,PARQUE,0.805,100,1,Desacuerdo entre pasadas,RESTAURANTE
HOTEL HACARITAMA COLONIAL - VILLAVICENCIO,OTROS_RECINTOS,OTROS_RECINTOS,0.79,300,1,Baja confianza (< 0.85),OTROS_RECINTOS
"HOTEL EL PRADO (CARRERA 54 #70-10, NORTE CENTRO HISTORICO)",OTROS_RECINTOS,PARQUE,0.845,209,1,Desacuerdo entre pasadas,OTROS_RECINTOS
HOTEL HOLIDAY INN CL 11A #1E – 132 | CUCUTA,OTROS_RECINTOS,OTROS_RECINTOS,0.79,310,1,Baja confianza (< 0.85),OTROS_RECINTOS
"HOTEL JW MARRIOTT BOGOTA - CL 73 #8-60, CHAPINERO",OTROS_RECINTOS,OTROS_RECINTOS,0.79,300,1,Baja confianza (< 0.85),OTROS_RECINTOS
HOTEL ESTELAR CARTAGENA,OTROS_RECINTOS,OTROS_RECINTOS,0.79,828,1,Baja confianza (< 0.85),OTROS_RECINTOS
HOTEL SAN FERNANDO PLAZA,OTROS_RECINTOS,PARQUE,0.845,150,1,Desacuerdo entre pasadas,OTROS_RECINTOS
HOTEL SONESTA BOGOTA,OTROS_RECINTOS,OTROS_RECINTOS,0.79,160,1,Baja confianza (< 0.85),OTROS_RECINTOS
HOTEL SHERATON BOGOTA - CL 25B #Nº 69 C-80,OTROS_RECINTOS,OTROS_RECINTOS,0.79,700,1,Baja confianza (< 0.85),OTROS_RECINTOS
EL REY - CALLE 24C #75-69 - BOGOTA,OTROS_RECINTOS,PARQUE,0.805,150,1,Desacuerdo entre pasadas,RESTAURANTE
ESPACIO VASTO - PEREIRA,OTROS_RECINTOS,OTROS_RECINTOS,0.685,112,1,Baja confianza (< 0.85),OTROS_RECINTOS
DISCOTECA DULCINEA CALLE 44 NO 69-96 LAURELES,RESTAURANTE,RESTAURANTE,0.9,600,1,Desacuerdo entre pasadas,RESTAURANTE
DAVIARENA,ARENA,ARENA,0.685,20,1,Baja confianza (< 0.85),ARENA
FLOW MULTIESPACIO - DUITAMA,OTROS_RECINTOS,OTROS_RECINTOS,0.575,350,1,Baja confianza (< 0.85),OTROS_RECINTOS
"FOLK HOUSE - CALLE 25 #19-25, PISO 2 PAIPA",OTROS_RECINTOS,PARQUE,0.805,40,1,Desacuerdo entre pasadas,RESTAURANTE
HACIENDA MARQUEZ,OTROS_RECINTOS,OTROS_RECINTOS,0.575,1656,1,Baja confianza (< 0.85),OTROS_RECINTOS
HACIENDA MAANITAS,OTROS_RECINTOS,OTROS_RECINTOS,0.575,2000,1,Baja confianza (< 0.85),OTROS_RECINTOS
FOUR SEASONS HOTEL AND RESIDENCES - SALON DE LA VERACRUZ,OTROS_RECINTOS,OTROS_RECINTOS,0.79,280,1,Baja confianza (< 0.85),OTROS_RECINTOS
CENTRO HISTORICO DE CALI - CALLE 6 #4-32,OTROS_RECINTOS,PARQUE,0.805,40,1,Desacuerdo entre pasadas,PARQUE
VORTICE -  CALI,OTROS_RECINTOS,OTROS_RECINTOS,0.685,30,1,Baja confianza (< 0.85),OTROS_RECINTOS
ZONA E MARRAKESH,OTROS_RECINTOS,OTROS_RECINTOS,0.575,950,1,Baja confianza (< 0.85),OTROS_RECINTOS
